date,currency,zar_rate
2025-01-01,USD,18.1591
2025-01-01,GBP,23.289
2025-01-01,EUR,21.0701
2025-01-01,AUD,11.7025
2025-01-02,USD,18.3837
2025-01-02,GBP,23.6094
2025-01-02,EUR,21.2311
2025-01-02,AUD,11.5222
2025-01-03,USD,18.1092
2025-01-03,GBP,23.2639
2025-01-03,EUR,20.9057
2025-01-03,AUD,11.7758
2025-01-04,USD,18.1347
2025-01-04,GBP,23.8421
2025-01-04,EUR,21.1066
2025-01-04,AUD,11.7352
2025-01-05,USD,18.1325
2025-01-05,GBP,23.1547
2025-01-05,EUR,21.0308
2025-01-05,AUD,11.8432
2025-01-06,USD,18.0845
2025-01-06,GBP,23.645
2025-01-06,EUR,20.6738
2025-01-06,AUD,11.8539
2025-01-07,USD,18.4369
2025-01-07,GBP,23.4641
2025-01-07,EUR,20.803
2025-01-07,AUD,11.7712
2025-01-08,USD,18.4174
2025-01-08,GBP,23.2684
2025-01-08,EUR,20.6314
2025-01-08,AUD,11.8162
2025-01-09,USD,18.1648
2025-01-09,GBP,23.3633
2025-01-09,EUR,20.7891
2025-01-09,AUD,11.9483
2025-01-10,USD,18.1227
2025-01-10,GBP,23.2558
2025-01-10,EUR,20.6615
2025-01-10,AUD,11.7394
2025-01-11,USD,18.3178
2025-01-11,GBP,23.5066
2025-01-11,EUR,20.7842
2025-01-11,AUD,11.6789
2025-01-12,USD,18.2852
2025-01-12,GBP,23.4566
2025-01-12,EUR,21.1209
2025-01-12,AUD,11.734
2025-01-13,USD,18.1953
2025-01-13,GBP,23.278
2025-01-13,EUR,20.8798
2025-01-13,AUD,11.5966
2025-01-14,USD,18.2096
2025-01-14,GBP,23.448
2025-01-14,EUR,20.6064
2025-01-14,AUD,11.8704
2025-01-15,USD,18.2943
2025-01-15,GBP,23.3767
2025-01-15,EUR,20.8532
2025-01-15,AUD,11.7603
2025-01-16,USD,18.1788
2025-01-16,GBP,23.1913
2025-01-16,EUR,20.9826
2025-01-16,AUD,11.7478
2025-01-17,USD,18.4121
2025-01-17,GBP,23.4402
2025-01-17,EUR,20.7444
2025-01-17,AUD,11.6936
2025-01-18,USD,18.487
2025-01-18,GBP,23.5662
2025-01-18,EUR,20.7288
2025-01-18,AUD,11.6445
2025-01-19,USD,18.0217
2025-01-19,GBP,23.3082
2025-01-19,EUR,20.7024
2025-01-19,AUD,11.7866
2025-01-20,USD,18.2174
2025-01-20,GBP,23.2676
2025-01-20,EUR,20.8266
2025-01-20,AUD,11.7132
2025-01-21,USD,18.1274
2025-01-21,GBP,23.806
2025-01-21,EUR,20.5516
2025-01-21,AUD,11.6665
2025-01-22,USD,18.3887
2025-01-22,GBP,23.3055
2025-01-22,EUR,20.5657
2025-01-22,AUD,11.8034
2025-01-23,USD,18.38
2025-01-23,GBP,23.5257
2025-01-23,EUR,21.0239
2025-01-23,AUD,11.9713
2025-01-24,USD,18.3065
2025-01-24,GBP,23.5186
2025-01-24,EUR,20.9008
2025-01-24,AUD,11.7463
2025-01-25,USD,18.1848
2025-01-25,GBP,23.125
2025-01-25,EUR,21.0485
2025-01-25,AUD,11.7888
2025-01-26,USD,18.0464
2025-01-26,GBP,23.4978
2025-01-26,EUR,20.6727
2025-01-26,AUD,11.7427
2025-01-27,USD,18.2342
2025-01-27,GBP,23.0833
2025-01-27,EUR,20.926
2025-01-27,AUD,11.8002
2025-01-28,USD,18.1353
2025-01-28,GBP,23.151
2025-01-28,EUR,20.9454
2025-01-28,AUD,11.7693
2025-01-29,USD,18.2854
2025-01-29,GBP,23.4463
2025-01-29,EUR,21.1629
2025-01-29,AUD,11.7357
2025-01-30,USD,18.2214
2025-01-30,GBP,23.0951
2025-01-30,EUR,20.758
2025-01-30,AUD,11.7489
2025-01-31,USD,18.2718
2025-01-31,GBP,23.2658
2025-01-31,EUR,21.0318
2025-01-31,AUD,11.6716
2025-02-01,USD,17.9229
2025-02-01,GBP,23.624
2025-02-01,EUR,20.7873
2025-02-01,AUD,11.82
2025-02-02,USD,18.2638
2025-02-02,GBP,23.662
2025-02-02,EUR,20.906
2025-02-02,AUD,11.7068
2025-02-03,USD,18.18
2025-02-03,GBP,23.5143
2025-02-03,EUR,21.0691
2025-02-03,AUD,11.9267
2025-02-04,USD,18.1436
2025-02-04,GBP,22.9282
2025-02-04,EUR,20.7602
2025-02-04,AUD,11.7512
2025-02-05,USD,18.0598
2025-02-05,GBP,23.4409
2025-02-05,EUR,21.0049
2025-02-05,AUD,11.8239
2025-02-06,USD,18.1875
2025-02-06,GBP,23.3886
2025-02-06,EUR,20.8212
2025-02-06,AUD,11.6654
2025-02-07,USD,18.2537
2025-02-07,GBP,23.0383
2025-02-07,EUR,20.7133
2025-02-07,AUD,11.7183
2025-02-08,USD,18.2735
2025-02-08,GBP,23.5199
2025-02-08,EUR,20.9154
2025-02-08,AUD,11.8431
2025-02-09,USD,18.249
2025-02-09,GBP,23.4529
2025-02-09,EUR,20.9794
2025-02-09,AUD,11.7432
2025-02-10,USD,18.0442
2025-02-10,GBP,22.9311
2025-02-10,EUR,21.0461
2025-02-10,AUD,11.7183
2025-02-11,USD,18.0588
2025-02-11,GBP,23.1928
2025-02-11,EUR,21.0436
2025-02-11,AUD,11.6384
2025-02-12,USD,18.152
2025-02-12,GBP,23.4367
2025-02-12,EUR,20.9564
2025-02-12,AUD,11.7043
2025-02-13,USD,18.1022
2025-02-13,GBP,23.5448
2025-02-13,EUR,20.7935
2025-02-13,AUD,11.6558
2025-02-14,USD,17.9407
2025-02-14,GBP,23.4164
2025-02-14,EUR,21.0092
2025-02-14,AUD,11.8629
2025-02-15,USD,17.9166
2025-02-15,GBP,23.2771
2025-02-15,EUR,20.7964
2025-02-15,AUD,11.8182
2025-02-16,USD,18.2399
2025-02-16,GBP,23.4925
2025-02-16,EUR,20.9159
2025-02-16,AUD,11.7524
2025-02-17,USD,18.2758
2025-02-17,GBP,23.2897
2025-02-17,EUR,21.0286
2025-02-17,AUD,11.8374
2025-02-18,USD,18.1097
2025-02-18,GBP,23.4251
2025-02-18,EUR,21.0189
2025-02-18,AUD,11.8568
2025-02-19,USD,17.9985
2025-02-19,GBP,23.3319
2025-02-19,EUR,20.8988
2025-02-19,AUD,11.93
2025-02-20,USD,18.1286
2025-02-20,GBP,23.2994
2025-02-20,EUR,21.0741
2025-02-20,AUD,11.795
2025-02-21,USD,18.2191
2025-02-21,GBP,23.4836
2025-02-21,EUR,20.8102
2025-02-21,AUD,11.6405
2025-02-22,USD,18.2721
2025-02-22,GBP,23.3943
2025-02-22,EUR,20.9075
2025-02-22,AUD,11.6354
2025-02-23,USD,18.3784
2025-02-23,GBP,22.8246
2025-02-23,EUR,20.8238
2025-02-23,AUD,11.9288
2025-02-24,USD,18.0596
2025-02-24,GBP,23.6368
2025-02-24,EUR,20.6174
2025-02-24,AUD,11.8043
2025-02-25,USD,18.2263
2025-02-25,GBP,23.3306
2025-02-25,EUR,21.0387
2025-02-25,AUD,11.6711
2025-02-26,USD,18.1607
2025-02-26,GBP,23.3324
2025-02-26,EUR,20.8948
2025-02-26,AUD,11.5494
2025-02-27,USD,18.1432
2025-02-27,GBP,23.2558
2025-02-27,EUR,20.9075
2025-02-27,AUD,12.0199
2025-02-28,USD,17.9617
2025-02-28,GBP,23.4826
2025-02-28,EUR,20.8756
2025-02-28,AUD,11.8189
2025-03-01,USD,18.2666
2025-03-01,GBP,23.3243
2025-03-01,EUR,20.9426
2025-03-01,AUD,11.9333
2025-03-02,USD,18.4786
2025-03-02,GBP,23.7127
2025-03-02,EUR,21.0448
2025-03-02,AUD,11.7555
2025-03-03,USD,18.3302
2025-03-03,GBP,23.5509
2025-03-03,EUR,21.1922
2025-03-03,AUD,11.9641
2025-03-04,USD,18.2686
2025-03-04,GBP,23.6528
2025-03-04,EUR,20.8777
2025-03-04,AUD,11.7747
2025-03-05,USD,18.174
2025-03-05,GBP,23.351
2025-03-05,EUR,21.0063
2025-03-05,AUD,11.9222
2025-03-06,USD,18.0493
2025-03-06,GBP,23.2508
2025-03-06,EUR,20.8834
2025-03-06,AUD,11.8324
2025-03-07,USD,18.1697
2025-03-07,GBP,23.5132
2025-03-07,EUR,20.9967
2025-03-07,AUD,11.9915
2025-03-08,USD,18.2059
2025-03-08,GBP,23.7221
2025-03-08,EUR,20.8513
2025-03-08,AUD,12.0288
2025-03-09,USD,18.2329
2025-03-09,GBP,23.4722
2025-03-09,EUR,20.9757
2025-03-09,AUD,11.8789
2025-03-10,USD,18.1181
2025-03-10,GBP,23.386
2025-03-10,EUR,20.7108
2025-03-10,AUD,11.707
2025-03-11,USD,18.1944
2025-03-11,GBP,23.4862
2025-03-11,EUR,20.8876
2025-03-11,AUD,11.6277
2025-03-12,USD,18.3105
2025-03-12,GBP,23.612
2025-03-12,EUR,20.9269
2025-03-12,AUD,11.75
2025-03-13,USD,18.1752
2025-03-13,GBP,23.4627
2025-03-13,EUR,20.7841
2025-03-13,AUD,11.6955
2025-03-14,USD,18.2414
2025-03-14,GBP,23.5398
2025-03-14,EUR,21.0553
2025-03-14,AUD,11.7393
2025-03-15,USD,18.4315
2025-03-15,GBP,23.4029
2025-03-15,EUR,20.9853
2025-03-15,AUD,11.6924
2025-03-16,USD,18.1226
2025-03-16,GBP,23.0403
2025-03-16,EUR,20.9318
2025-03-16,AUD,11.7618
2025-03-17,USD,18.3493
2025-03-17,GBP,23.8167
2025-03-17,EUR,20.7304
2025-03-17,AUD,11.8523
2025-03-18,USD,18.3658
2025-03-18,GBP,23.6635
2025-03-18,EUR,21.0817
2025-03-18,AUD,11.7442
2025-03-19,USD,18.5783
2025-03-19,GBP,23.1704
2025-03-19,EUR,21.0213
2025-03-19,AUD,11.8887
2025-03-20,USD,18.0946
2025-03-20,GBP,23.2312
2025-03-20,EUR,20.7448
2025-03-20,AUD,11.8835
2025-03-21,USD,17.932
2025-03-21,GBP,23.2999
2025-03-21,EUR,20.7927
2025-03-21,AUD,11.7141
2025-03-22,USD,17.877
2025-03-22,GBP,23.3686
2025-03-22,EUR,20.5956
2025-03-22,AUD,11.6671
2025-03-23,USD,18.1912
2025-03-23,GBP,23.2865
2025-03-23,EUR,20.8648
2025-03-23,AUD,11.8398
2025-03-24,USD,18.091
2025-03-24,GBP,23.3108
2025-03-24,EUR,20.6572
2025-03-24,AUD,11.7573
2025-03-25,USD,18.0633
2025-03-25,GBP,23.4021
2025-03-25,EUR,20.9415
2025-03-25,AUD,11.8633
2025-03-26,USD,18.3561
2025-03-26,GBP,23.6035
2025-03-26,EUR,20.7469
2025-03-26,AUD,11.7673
2025-03-27,USD,18.3373
2025-03-27,GBP,23.5175
2025-03-27,EUR,20.9391
2025-03-27,AUD,11.8786
2025-03-28,USD,18.2582
2025-03-28,GBP,23.4552
2025-03-28,EUR,20.9816
2025-03-28,AUD,11.7392
2025-03-29,USD,18.0909
2025-03-29,GBP,23.6118
2025-03-29,EUR,20.8336
2025-03-29,AUD,11.6696
2025-03-30,USD,18.3159
2025-03-30,GBP,23.2636
2025-03-30,EUR,20.6471
2025-03-30,AUD,11.8594
2025-03-31,USD,18.1476
2025-03-31,GBP,23.4942
2025-03-31,EUR,20.6537
2025-03-31,AUD,11.8111
2025-04-01,USD,18.2449
2025-04-01,GBP,23.4645
2025-04-01,EUR,20.8554
2025-04-01,AUD,11.8771
2025-04-02,USD,18.0041
2025-04-02,GBP,23.2227
2025-04-02,EUR,21.2507
2025-04-02,AUD,11.7253
2025-04-03,USD,18.0581
2025-04-03,GBP,23.6074
2025-04-03,EUR,20.8545
2025-04-03,AUD,11.775
2025-04-04,USD,17.9027
2025-04-04,GBP,23.124
2025-04-04,EUR,20.9425
2025-04-04,AUD,11.7629
2025-04-05,USD,18.253
2025-04-05,GBP,23.5353
2025-04-05,EUR,20.9573
2025-04-05,AUD,11.9044
2025-04-06,USD,18.2658
2025-04-06,GBP,23.3963
2025-04-06,EUR,20.8399
2025-04-06,AUD,11.8046
2025-04-07,USD,18.1896
2025-04-07,GBP,23.3846
2025-04-07,EUR,20.9567
2025-04-07,AUD,11.8296
2025-04-08,USD,18.0378
2025-04-08,GBP,23.5265
2025-04-08,EUR,20.9617
2025-04-08,AUD,11.8041
2025-04-09,USD,18.3016
2025-04-09,GBP,23.2267
2025-04-09,EUR,20.788
2025-04-09,AUD,11.7244
2025-04-10,USD,18.2988
2025-04-10,GBP,23.4462
2025-04-10,EUR,20.8629
2025-04-10,AUD,11.8514
2025-04-11,USD,17.9997
2025-04-11,GBP,23.615
2025-04-11,EUR,21.0105
2025-04-11,AUD,11.7661
2025-04-12,USD,17.9617
2025-04-12,GBP,23.2289
2025-04-12,EUR,20.8555
2025-04-12,AUD,11.8199
2025-04-13,USD,18.3438
2025-04-13,GBP,23.5961
2025-04-13,EUR,20.6775
2025-04-13,AUD,11.8208
2025-04-14,USD,18.2143
2025-04-14,GBP,23.3045
2025-04-14,EUR,20.7689
2025-04-14,AUD,11.8625
2025-04-15,USD,18.2658
2025-04-15,GBP,23.5137
2025-04-15,EUR,21.1285
2025-04-15,AUD,11.6648
2025-04-16,USD,18.2352
2025-04-16,GBP,23.5568
2025-04-16,EUR,21.1266
2025-04-16,AUD,11.7172
2025-04-17,USD,18.163
2025-04-17,GBP,23.4809
2025-04-17,EUR,20.7524
2025-04-17,AUD,11.8532
2025-04-18,USD,18.2255
2025-04-18,GBP,23.7213
2025-04-18,EUR,20.9284
2025-04-18,AUD,11.8715
2025-04-19,USD,18.2324
2025-04-19,GBP,23.3046
2025-04-19,EUR,21.0141
2025-04-19,AUD,11.6512
2025-04-20,USD,18.4297
2025-04-20,GBP,23.3842
2025-04-20,EUR,20.8283
2025-04-20,AUD,11.9464
2025-04-21,USD,17.9067
2025-04-21,GBP,23.2419
2025-04-21,EUR,20.6203
2025-04-21,AUD,11.7489
2025-04-22,USD,18.4052
2025-04-22,GBP,23.3005
2025-04-22,EUR,20.9547
2025-04-22,AUD,11.8521
2025-04-23,USD,18.3229
2025-04-23,GBP,23.7656
2025-04-23,EUR,20.7055
2025-04-23,AUD,11.8235
2025-04-24,USD,18.1922
2025-04-24,GBP,23.3649
2025-04-24,EUR,20.7427
2025-04-24,AUD,11.9277
2025-04-25,USD,18.194
2025-04-25,GBP,23.1997
2025-04-25,EUR,20.9481
2025-04-25,AUD,11.8818
2025-04-26,USD,18.0787
2025-04-26,GBP,23.2357
2025-04-26,EUR,20.9243
2025-04-26,AUD,11.7827
2025-04-27,USD,18.3451
2025-04-27,GBP,23.319
2025-04-27,EUR,20.5757
2025-04-27,AUD,11.8246
2025-04-28,USD,18.402
2025-04-28,GBP,23.4403
2025-04-28,EUR,20.6777
2025-04-28,AUD,11.7835
2025-04-29,USD,18.1341
2025-04-29,GBP,23.6161
2025-04-29,EUR,20.8086
2025-04-29,AUD,11.7624
2025-04-30,USD,18.3544
2025-04-30,GBP,23.618
2025-04-30,EUR,21.0755
2025-04-30,AUD,11.8248
2025-05-01,USD,18.1171
2025-05-01,GBP,23.53
2025-05-01,EUR,20.8228
2025-05-01,AUD,11.9314
2025-05-02,USD,18.2318
2025-05-02,GBP,23.6155
2025-05-02,EUR,20.9771
2025-05-02,AUD,11.6985
2025-05-03,USD,18.1528
2025-05-03,GBP,23.3079
2025-05-03,EUR,20.7814
2025-05-03,AUD,11.7932
2025-05-04,USD,18.1681
2025-05-04,GBP,23.3034
2025-05-04,EUR,20.8281
2025-05-04,AUD,11.8116
2025-05-05,USD,18.3258
2025-05-05,GBP,23.564
2025-05-05,EUR,21.08
2025-05-05,AUD,11.8024
2025-05-06,USD,18.2134
2025-05-06,GBP,23.2711
2025-05-06,EUR,20.9789
2025-05-06,AUD,11.9662
2025-05-07,USD,18.2375
2025-05-07,GBP,23.024
2025-05-07,EUR,20.8265
2025-05-07,AUD,11.8101
2025-05-08,USD,18.3222
2025-05-08,GBP,23.5455
2025-05-08,EUR,21.1084
2025-05-08,AUD,11.9478
2025-05-09,USD,18.248
2025-05-09,GBP,23.6792
2025-05-09,EUR,20.8095
2025-05-09,AUD,11.7822
2025-05-10,USD,18.2181
2025-05-10,GBP,23.2765
2025-05-10,EUR,20.9894
2025-05-10,AUD,11.6916
2025-05-11,USD,18.3009
2025-05-11,GBP,23.5343
2025-05-11,EUR,20.3189
2025-05-11,AUD,11.7279
2025-05-12,USD,18.3763
2025-05-12,GBP,23.533
2025-05-12,EUR,20.9
2025-05-12,AUD,11.7682
2025-05-13,USD,18.1049
2025-05-13,GBP,23.7023
2025-05-13,EUR,20.989
2025-05-13,AUD,11.7639
2025-05-14,USD,17.9973
2025-05-14,GBP,23.286
2025-05-14,EUR,20.8281
2025-05-14,AUD,11.99
2025-05-15,USD,18.237
2025-05-15,GBP,23.4895
2025-05-15,EUR,20.7224
2025-05-15,AUD,11.7426
2025-05-16,USD,18.0626
2025-05-16,GBP,23.3167
2025-05-16,EUR,20.8482
2025-05-16,AUD,11.8727
2025-05-17,USD,18.1593
2025-05-17,GBP,23.4108
2025-05-17,EUR,21.002
2025-05-17,AUD,11.7919
2025-05-18,USD,18.2337
2025-05-18,GBP,23.4623
2025-05-18,EUR,20.7062
2025-05-18,AUD,11.9176
2025-05-19,USD,18.0713
2025-05-19,GBP,23.4424
2025-05-19,EUR,20.7775
2025-05-19,AUD,11.836
2025-05-20,USD,18.1875
2025-05-20,GBP,23.5287
2025-05-20,EUR,20.4983
2025-05-20,AUD,11.788
2025-05-21,USD,18.2676
2025-05-21,GBP,23.1605
2025-05-21,EUR,20.9766
2025-05-21,AUD,11.7356
2025-05-22,USD,18.1734
2025-05-22,GBP,23.2356
2025-05-22,EUR,21.1147
2025-05-22,AUD,11.9447
2025-05-23,USD,18.3999
2025-05-23,GBP,23.4371
2025-05-23,EUR,20.6773
2025-05-23,AUD,11.7209
2025-05-24,USD,18.3845
2025-05-24,GBP,23.4598
2025-05-24,EUR,20.863
2025-05-24,AUD,11.8174
2025-05-25,USD,18.3982
2025-05-25,GBP,23.3835
2025-05-25,EUR,21.1684
2025-05-25,AUD,11.7365
2025-05-26,USD,18.2814
2025-05-26,GBP,23.6107
2025-05-26,EUR,20.7482
2025-05-26,AUD,11.7694
2025-05-27,USD,18.2425
2025-05-27,GBP,23.4648
2025-05-27,EUR,21.0036
2025-05-27,AUD,11.7866
2025-05-28,USD,18.3036
2025-05-28,GBP,23.2779
2025-05-28,EUR,20.6738
2025-05-28,AUD,11.7581
2025-05-29,USD,17.7849
2025-05-29,GBP,23.2254
2025-05-29,EUR,20.7194
2025-05-29,AUD,11.8342
2025-05-30,USD,18.2513
2025-05-30,GBP,23.1157
2025-05-30,EUR,20.9083
2025-05-30,AUD,11.7637
2025-05-31,USD,18.1884
2025-05-31,GBP,23.4629
2025-05-31,EUR,20.9627
2025-05-31,AUD,11.7814
2025-06-01,USD,18.272
2025-06-01,GBP,23.32
2025-06-01,EUR,21.0828
2025-06-01,AUD,11.8651
2025-06-02,USD,18.1104
2025-06-02,GBP,23.3338
2025-06-02,EUR,20.8582
2025-06-02,AUD,11.7065
2025-06-03,USD,18.0677
2025-06-03,GBP,23.1849
2025-06-03,EUR,20.827
2025-06-03,AUD,11.8665
2025-06-04,USD,18.1134
2025-06-04,GBP,23.3996
2025-06-04,EUR,20.9868
2025-06-04,AUD,11.7829
2025-06-05,USD,18.2259
2025-06-05,GBP,23.3782
2025-06-05,EUR,21.2581
2025-06-05,AUD,11.8694
2025-06-06,USD,18.4198
2025-06-06,GBP,22.9634
2025-06-06,EUR,21.0049
2025-06-06,AUD,11.6805
2025-06-07,USD,18.3773
2025-06-07,GBP,23.4024
2025-06-07,EUR,21.0746
2025-06-07,AUD,11.7602
2025-06-08,USD,18.157
2025-06-08,GBP,23.2819
2025-06-08,EUR,20.7831
2025-06-08,AUD,11.7621
2025-06-09,USD,17.7933
2025-06-09,GBP,23.3476
2025-06-09,EUR,20.7469
2025-06-09,AUD,11.7038
2025-06-10,USD,18.1784
2025-06-10,GBP,23.302
2025-06-10,EUR,20.9282
2025-06-10,AUD,11.7296
2025-06-11,USD,18.2174
2025-06-11,GBP,23.5011
2025-06-11,EUR,21.1503
2025-06-11,AUD,11.7878
2025-06-12,USD,18.2925
2025-06-12,GBP,23.9023
2025-06-12,EUR,20.9044
2025-06-12,AUD,11.8877
2025-06-13,USD,18.465
2025-06-13,GBP,23.2365
2025-06-13,EUR,20.7098
2025-06-13,AUD,11.7291
2025-06-14,USD,18.1952
2025-06-14,GBP,23.5442
2025-06-14,EUR,20.7682
2025-06-14,AUD,11.7423
2025-06-15,USD,18.3427
2025-06-15,GBP,23.2422
2025-06-15,EUR,20.5403
2025-06-15,AUD,11.612
2025-06-16,USD,18.1665
2025-06-16,GBP,23.2294
2025-06-16,EUR,21.1258
2025-06-16,AUD,11.7811
2025-06-17,USD,17.9254
2025-06-17,GBP,23.3872
2025-06-17,EUR,20.8608
2025-06-17,AUD,11.7694
2025-06-18,USD,18.3497
2025-06-18,GBP,23.6859
2025-06-18,EUR,20.9185
2025-06-18,AUD,11.7401
2025-06-19,USD,18.2218
2025-06-19,GBP,23.1987
2025-06-19,EUR,20.8922
2025-06-19,AUD,11.6595
2025-06-20,USD,18.2393
2025-06-20,GBP,23.3179
2025-06-20,EUR,21.0183
2025-06-20,AUD,11.9067
2025-06-21,USD,18.2967
2025-06-21,GBP,23.387
2025-06-21,EUR,21.1504
2025-06-21,AUD,11.784
2025-06-22,USD,18.2162
2025-06-22,GBP,23.582
2025-06-22,EUR,20.5935
2025-06-22,AUD,11.7896
2025-06-23,USD,18.2977
2025-06-23,GBP,23.063
2025-06-23,EUR,21.0433
2025-06-23,AUD,12.0117
2025-06-24,USD,18.187
2025-06-24,GBP,23.1721
2025-06-24,EUR,21.044
2025-06-24,AUD,11.6762
2025-06-25,USD,18.106
2025-06-25,GBP,23.1524
2025-06-25,EUR,20.7273
2025-06-25,AUD,11.7531
2025-06-26,USD,18.1247
2025-06-26,GBP,23.5759
2025-06-26,EUR,21.0579
2025-06-26,AUD,11.7758
2025-06-27,USD,18.2897
2025-06-27,GBP,23.7845
2025-06-27,EUR,20.8588
2025-06-27,AUD,11.7791
2025-06-28,USD,18.0447
2025-06-28,GBP,23.6476
2025-06-28,EUR,20.8613
2025-06-28,AUD,11.7929
2025-06-29,USD,17.9454
2025-06-29,GBP,23.7142
2025-06-29,EUR,20.8144
2025-06-29,AUD,11.7607
2025-06-30,USD,18.0994
2025-06-30,GBP,23.6852
2025-06-30,EUR,20.7712
2025-06-30,AUD,11.6187
2025-07-01,USD,18.1679
2025-07-01,GBP,23.3734
2025-07-01,EUR,20.8591
2025-07-01,AUD,11.8705
2025-07-02,USD,18.3062
2025-07-02,GBP,23.0734
2025-07-02,EUR,20.9901
2025-07-02,AUD,11.8429
2025-07-03,USD,17.9712
2025-07-03,GBP,23.6993
2025-07-03,EUR,21.3384
2025-07-03,AUD,11.8621
2025-07-04,USD,18.1534
2025-07-04,GBP,23.5357
2025-07-04,EUR,20.836
2025-07-04,AUD,11.8994
2025-07-05,USD,18.1172
2025-07-05,GBP,23.237
2025-07-05,EUR,20.7678
2025-07-05,AUD,11.8929
2025-07-06,USD,18.432
2025-07-06,GBP,23.3607
2025-07-06,EUR,20.9289
2025-07-06,AUD,11.6688
2025-07-07,USD,18.0743
2025-07-07,GBP,23.268
2025-07-07,EUR,20.4773
2025-07-07,AUD,11.8599
2025-07-08,USD,18.1911
2025-07-08,GBP,23.4169
2025-07-08,EUR,21.0733
2025-07-08,AUD,11.6143
2025-07-09,USD,18.5464
2025-07-09,GBP,23.2017
2025-07-09,EUR,20.7272
2025-07-09,AUD,11.8583
2025-07-10,USD,18.2438
2025-07-10,GBP,23.3119
2025-07-10,EUR,20.7653
2025-07-10,AUD,11.8046
2025-07-11,USD,18.4381
2025-07-11,GBP,23.5199
2025-07-11,EUR,20.795
2025-07-11,AUD,11.9011
2025-07-12,USD,18.2033
2025-07-12,GBP,23.3986
2025-07-12,EUR,20.9357
2025-07-12,AUD,11.74
2025-07-13,USD,18.1802
2025-07-13,GBP,23.4278
2025-07-13,EUR,21.05
2025-07-13,AUD,11.7666
2025-07-14,USD,18.2338
2025-07-14,GBP,23.3335
2025-07-14,EUR,21.1135
2025-07-14,AUD,11.6938
2025-07-15,USD,17.9464
2025-07-15,GBP,23.4481
2025-07-15,EUR,20.9579
2025-07-15,AUD,11.8978
2025-07-16,USD,18.3784
2025-07-16,GBP,23.6953
2025-07-16,EUR,20.8443
2025-07-16,AUD,11.8347
2025-07-17,USD,18.2322
2025-07-17,GBP,23.7877
2025-07-17,EUR,20.9573
2025-07-17,AUD,11.9127
2025-07-18,USD,18.2005
2025-07-18,GBP,23.6083
2025-07-18,EUR,20.9017
2025-07-18,AUD,11.614
2025-07-19,USD,18.1563
2025-07-19,GBP,23.4849
2025-07-19,EUR,21.0016
2025-07-19,AUD,11.8047
2025-07-20,USD,18.1629
2025-07-20,GBP,23.3354
2025-07-20,EUR,20.8214
2025-07-20,AUD,11.7655
2025-07-21,USD,18.3313
2025-07-21,GBP,23.3567
2025-07-21,EUR,21.0468
2025-07-21,AUD,11.816
2025-07-22,USD,18.1967
2025-07-22,GBP,23.3961
2025-07-22,EUR,21.2682
2025-07-22,AUD,11.8412
2025-07-23,USD,18.3076
2025-07-23,GBP,23.3353
2025-07-23,EUR,20.9641
2025-07-23,AUD,11.9178
2025-07-24,USD,18.3259
2025-07-24,GBP,23.2976
2025-07-24,EUR,20.9629
2025-07-24,AUD,11.725
2025-07-25,USD,18.1497
2025-07-25,GBP,23.461
2025-07-25,EUR,21.141
2025-07-25,AUD,11.8429
2025-07-26,USD,17.9829
2025-07-26,GBP,23.3788
2025-07-26,EUR,20.9967
2025-07-26,AUD,11.7486
2025-07-27,USD,18.4802
2025-07-27,GBP,23.229
2025-07-27,EUR,20.8104
2025-07-27,AUD,11.6706
2025-07-28,USD,18.3303
2025-07-28,GBP,23.4708
2025-07-28,EUR,20.7971
2025-07-28,AUD,11.8081
2025-07-29,USD,18.1826
2025-07-29,GBP,23.6163
2025-07-29,EUR,20.8915
2025-07-29,AUD,11.9085
2025-07-30,USD,18.2571
2025-07-30,GBP,23.4984
2025-07-30,EUR,21.0563
2025-07-30,AUD,11.7947
2025-07-31,USD,18.2703
2025-07-31,GBP,22.9527
2025-07-31,EUR,20.9658
2025-07-31,AUD,11.7103
2025-08-01,USD,18.142
2025-08-01,GBP,23.51
2025-08-01,EUR,20.7439
2025-08-01,AUD,11.8417
2025-08-02,USD,18.3458
2025-08-02,GBP,23.044
2025-08-02,EUR,21.1357
2025-08-02,AUD,11.8928
2025-08-03,USD,18.1898
2025-08-03,GBP,23.2796
2025-08-03,EUR,21.226
2025-08-03,AUD,11.8252
2025-08-04,USD,18.0616
2025-08-04,GBP,23.5563
2025-08-04,EUR,20.9027
2025-08-04,AUD,11.9249
2025-08-05,USD,18.1612
2025-08-05,GBP,23.8644
2025-08-05,EUR,21.0221
2025-08-05,AUD,11.5609
2025-08-06,USD,18.3797
2025-08-06,GBP,23.1396
2025-08-06,EUR,20.8791
2025-08-06,AUD,11.8588
2025-08-07,USD,18.2122
2025-08-07,GBP,23.36
2025-08-07,EUR,20.9494
2025-08-07,AUD,11.8351
2025-08-08,USD,18.1509
2025-08-08,GBP,23.4059
2025-08-08,EUR,21.0088
2025-08-08,AUD,11.8198
2025-08-09,USD,18.1169
2025-08-09,GBP,23.4578
2025-08-09,EUR,20.9634
2025-08-09,AUD,11.7093
2025-08-10,USD,18.3146
2025-08-10,GBP,23.3905
2025-08-10,EUR,20.9436
2025-08-10,AUD,11.7085
2025-08-11,USD,18.3834
2025-08-11,GBP,23.4264
2025-08-11,EUR,20.7174
2025-08-11,AUD,11.7799
2025-08-12,USD,18.2343
2025-08-12,GBP,23.9774
2025-08-12,EUR,20.9509
2025-08-12,AUD,11.8262
2025-08-13,USD,18.2991
2025-08-13,GBP,23.3318
2025-08-13,EUR,20.9395
2025-08-13,AUD,11.8466
2025-08-14,USD,18.12
2025-08-14,GBP,23.6129
2025-08-14,EUR,20.9789
2025-08-14,AUD,11.7875
2025-08-15,USD,18.347
2025-08-15,GBP,23.4
2025-08-15,EUR,21.2526
2025-08-15,AUD,11.8331
2025-08-16,USD,18.2652
2025-08-16,GBP,23.3963
2025-08-16,EUR,20.8582
2025-08-16,AUD,11.9104
2025-08-17,USD,18.2874
2025-08-17,GBP,23.19
2025-08-17,EUR,20.8887
2025-08-17,AUD,11.7024
2025-08-18,USD,18.2791
2025-08-18,GBP,23.3245
2025-08-18,EUR,20.7584
2025-08-18,AUD,11.7839
2025-08-19,USD,18.256
2025-08-19,GBP,23.5307
2025-08-19,EUR,21.2942
2025-08-19,AUD,11.7577
2025-08-20,USD,18.1094
2025-08-20,GBP,23.5049
2025-08-20,EUR,20.8802
2025-08-20,AUD,11.7366
2025-08-21,USD,18.1793
2025-08-21,GBP,23.4969
2025-08-21,EUR,20.9169
2025-08-21,AUD,11.6931
2025-08-22,USD,18.0927
2025-08-22,GBP,23.5707
2025-08-22,EUR,20.5733
2025-08-22,AUD,11.8325
2025-08-23,USD,18.3189
2025-08-23,GBP,23.3484
2025-08-23,EUR,20.7595
2025-08-23,AUD,11.9023
2025-08-24,USD,18.321
2025-08-24,GBP,23.6801
2025-08-24,EUR,20.784
2025-08-24,AUD,11.8147
2025-08-25,USD,18.3745
2025-08-25,GBP,23.1934
2025-08-25,EUR,20.9686
2025-08-25,AUD,11.8289
2025-08-26,USD,18.5261
2025-08-26,GBP,23.397
2025-08-26,EUR,20.8614
2025-08-26,AUD,11.788
2025-08-27,USD,18.1441
2025-08-27,GBP,23.2746
2025-08-27,EUR,20.6358
2025-08-27,AUD,11.6993
2025-08-28,USD,18.2759
2025-08-28,GBP,23.1644
2025-08-28,EUR,21.087
2025-08-28,AUD,12.0279
2025-08-29,USD,18.1612
2025-08-29,GBP,23.492
2025-08-29,EUR,21.3407
2025-08-29,AUD,11.81
2025-08-30,USD,18.1846
2025-08-30,GBP,23.3522
2025-08-30,EUR,20.7714
2025-08-30,AUD,11.8034
2025-08-31,USD,18.2424
2025-08-31,GBP,23.5135
2025-08-31,EUR,20.8053
2025-08-31,AUD,11.9315
2025-09-01,USD,18.2864
2025-09-01,GBP,23.4126
2025-09-01,EUR,21.0376
2025-09-01,AUD,11.9166
2025-09-02,USD,18.1759
2025-09-02,GBP,23.1288
2025-09-02,EUR,20.8374
2025-09-02,AUD,11.7495
2025-09-03,USD,18.0593
2025-09-03,GBP,23.335
2025-09-03,EUR,21.0555
2025-09-03,AUD,11.8333
2025-09-04,USD,18.2587
2025-09-04,GBP,23.1253
2025-09-04,EUR,20.9068
2025-09-04,AUD,11.7987
2025-09-05,USD,18.2109
2025-09-05,GBP,23.2701
2025-09-05,EUR,21.1236
2025-09-05,AUD,11.8856
2025-09-06,USD,18.1741
2025-09-06,GBP,23.2509
2025-09-06,EUR,20.9433
2025-09-06,AUD,11.8953
2025-09-07,USD,18.2742
2025-09-07,GBP,23.3276
2025-09-07,EUR,20.684
2025-09-07,AUD,11.6909
2025-09-08,USD,18.2844
2025-09-08,GBP,23.6526
2025-09-08,EUR,21.0189
2025-09-08,AUD,11.7235
2025-09-09,USD,18.2373
2025-09-09,GBP,23.4249
2025-09-09,EUR,20.8745
2025-09-09,AUD,11.7578
2025-09-10,USD,18.2117
2025-09-10,GBP,23.0906
2025-09-10,EUR,20.9872
2025-09-10,AUD,11.6362
2025-09-11,USD,18.2936
2025-09-11,GBP,23.3768
2025-09-11,EUR,20.8268
2025-09-11,AUD,11.7984
2025-09-12,USD,18.0919
2025-09-12,GBP,23.3565
2025-09-12,EUR,20.6788
2025-09-12,AUD,11.9227
2025-09-13,USD,18.2108
2025-09-13,GBP,23.6839
2025-09-13,EUR,20.8253
2025-09-13,AUD,11.7771
2025-09-14,USD,17.6838
2025-09-14,GBP,23.2871
2025-09-14,EUR,20.9998
2025-09-14,AUD,11.7342
2025-09-15,USD,18.2581
2025-09-15,GBP,23.5447
2025-09-15,EUR,20.6173
2025-09-15,AUD,11.6669
2025-09-16,USD,17.9468
2025-09-16,GBP,23.3469
2025-09-16,EUR,21.0234
2025-09-16,AUD,11.8768
2025-09-17,USD,18.2851
2025-09-17,GBP,23.3808
2025-09-17,EUR,21.0445
2025-09-17,AUD,11.7312
2025-09-18,USD,18.1693
2025-09-18,GBP,23.4471
2025-09-18,EUR,20.3918
2025-09-18,AUD,11.759
2025-09-19,USD,18.2623
2025-09-19,GBP,23.4167
2025-09-19,EUR,21.2679
2025-09-19,AUD,11.6259
2025-09-20,USD,18.0817
2025-09-20,GBP,23.5063
2025-09-20,EUR,20.6133
2025-09-20,AUD,11.7103
2025-09-21,USD,18.1623
2025-09-21,GBP,23.3158
2025-09-21,EUR,21.2203
2025-09-21,AUD,11.9584
2025-09-22,USD,18.495
2025-09-22,GBP,23.5049
2025-09-22,EUR,20.6335
2025-09-22,AUD,11.9013
2025-09-23,USD,18.2382
2025-09-23,GBP,23.6864
2025-09-23,EUR,20.7216
2025-09-23,AUD,11.7895
2025-09-24,USD,18.3088
2025-09-24,GBP,23.569
2025-09-24,EUR,20.9447
2025-09-24,AUD,11.9559
2025-09-25,USD,17.9769
2025-09-25,GBP,23.1767
2025-09-25,EUR,20.7794
2025-09-25,AUD,11.7977
2025-09-26,USD,18.344
2025-09-26,GBP,23.2404
2025-09-26,EUR,20.8359
2025-09-26,AUD,11.7109
2025-09-27,USD,18.4424
2025-09-27,GBP,23.416
2025-09-27,EUR,20.9223
2025-09-27,AUD,11.8204
2025-09-28,USD,18.1176
2025-09-28,GBP,23.2584
2025-09-28,EUR,21.0214
2025-09-28,AUD,11.7712
2025-09-29,USD,18.2255
2025-09-29,GBP,23.2334
2025-09-29,EUR,20.6251
2025-09-29,AUD,11.8195
2025-09-30,USD,18.3982
2025-09-30,GBP,23.3914
2025-09-30,EUR,20.9898
2025-09-30,AUD,11.8132
2025-10-01,USD,18.1218
2025-10-01,GBP,23.1953
2025-10-01,EUR,20.731
2025-10-01,AUD,11.7055
2025-10-02,USD,18.0113
2025-10-02,GBP,23.5205
2025-10-02,EUR,20.7741
2025-10-02,AUD,11.7322
2025-10-03,USD,18.0742
2025-10-03,GBP,23.5699
2025-10-03,EUR,20.7883
2025-10-03,AUD,11.7624
2025-10-04,USD,18.2135
2025-10-04,GBP,23.2445
2025-10-04,EUR,20.7146
2025-10-04,AUD,11.6539
2025-10-05,USD,18.2139
2025-10-05,GBP,23.3789
2025-10-05,EUR,20.6686
2025-10-05,AUD,11.699
2025-10-06,USD,18.1096
2025-10-06,GBP,23.2139
2025-10-06,EUR,20.7503
2025-10-06,AUD,11.8134
2025-10-07,USD,18.1666
2025-10-07,GBP,23.4091
2025-10-07,EUR,21.0588
2025-10-07,AUD,11.8526
2025-10-08,USD,18.3902
2025-10-08,GBP,23.2456
2025-10-08,EUR,21.013
2025-10-08,AUD,11.7893
2025-10-09,USD,18.2761
2025-10-09,GBP,23.1234
2025-10-09,EUR,20.5988
2025-10-09,AUD,11.7261
2025-10-10,USD,18.2202
2025-10-10,GBP,23.1764
2025-10-10,EUR,21.0377
2025-10-10,AUD,11.7447
2025-10-11,USD,18.2983
2025-10-11,GBP,23.4265
2025-10-11,EUR,21.1615
2025-10-11,AUD,11.6612
2025-10-12,USD,18.2608
2025-10-12,GBP,23.423
2025-10-12,EUR,20.8566
2025-10-12,AUD,11.8526
2025-10-13,USD,18.1808
2025-10-13,GBP,23.8809
2025-10-13,EUR,21.0275
2025-10-13,AUD,11.7729
2025-10-14,USD,18.2986
2025-10-14,GBP,23.2673
2025-10-14,EUR,20.6122
2025-10-14,AUD,11.8175
2025-10-15,USD,18.2295
2025-10-15,GBP,23.2826
2025-10-15,EUR,20.9002
2025-10-15,AUD,11.7511
2025-10-16,USD,18.0769
2025-10-16,GBP,23.5731
2025-10-16,EUR,20.967
2025-10-16,AUD,11.9078
2025-10-17,USD,18.2852
2025-10-17,GBP,23.3745
2025-10-17,EUR,20.985
2025-10-17,AUD,11.8266
2025-10-18,USD,18.4133
2025-10-18,GBP,23.349
2025-10-18,EUR,20.7962
2025-10-18,AUD,11.8589
2025-10-19,USD,17.8292
2025-10-19,GBP,23.1263
2025-10-19,EUR,21.0379
2025-10-19,AUD,11.9401
2025-10-20,USD,18.1554
2025-10-20,GBP,23.1385
2025-10-20,EUR,21.1927
2025-10-20,AUD,11.9021
2025-10-21,USD,18.2509
2025-10-21,GBP,23.3656
2025-10-21,EUR,21.0778
2025-10-21,AUD,11.977
2025-10-22,USD,18.1602
2025-10-22,GBP,23.4213
2025-10-22,EUR,21.1529
2025-10-22,AUD,11.7924
2025-10-23,USD,18.025
2025-10-23,GBP,23.1302
2025-10-23,EUR,20.8463
2025-10-23,AUD,11.7293
2025-10-24,USD,18.0145
2025-10-24,GBP,23.7042
2025-10-24,EUR,20.7692
2025-10-24,AUD,11.8134
2025-10-25,USD,18.0532
2025-10-25,GBP,23.4243
2025-10-25,EUR,20.9041
2025-10-25,AUD,11.8052
2025-10-26,USD,18.1311
2025-10-26,GBP,23.7326
2025-10-26,EUR,21.0803
2025-10-26,AUD,11.7944
2025-10-27,USD,17.8859
2025-10-27,GBP,23.163
2025-10-27,EUR,21.1895
2025-10-27,AUD,11.8809
2025-10-28,USD,18.4859
2025-10-28,GBP,23.2317
2025-10-28,EUR,21.2227
2025-10-28,AUD,11.6897
2025-10-29,USD,18.2918
2025-10-29,GBP,23.0978
2025-10-29,EUR,21.0607
2025-10-29,AUD,11.7799
2025-10-30,USD,17.992
2025-10-30,GBP,23.3552
2025-10-30,EUR,20.7715
2025-10-30,AUD,11.7473
2025-10-31,USD,18.2047
2025-10-31,GBP,23.4879
2025-10-31,EUR,20.8334
2025-10-31,AUD,11.9407
2025-11-01,USD,18.1253
2025-11-01,GBP,23.2688
2025-11-01,EUR,20.9652
2025-11-01,AUD,11.7361
2025-11-02,USD,18.0272
2025-11-02,GBP,23.6332
2025-11-02,EUR,20.9577
2025-11-02,AUD,11.7056
2025-11-03,USD,18.305
2025-11-03,GBP,23.413
2025-11-03,EUR,20.9922
2025-11-03,AUD,11.687
2025-11-04,USD,18.3497
2025-11-04,GBP,23.2976
2025-11-04,EUR,20.9214
2025-11-04,AUD,11.8694
2025-11-05,USD,18.364
2025-11-05,GBP,23.5004
2025-11-05,EUR,20.8503
2025-11-05,AUD,11.7208
2025-11-06,USD,18.2931
2025-11-06,GBP,23.4861
2025-11-06,EUR,20.8181
2025-11-06,AUD,11.8302
2025-11-07,USD,18.0393
2025-11-07,GBP,23.5755
2025-11-07,EUR,20.6871
2025-11-07,AUD,11.7912
2025-11-08,USD,18.2098
2025-11-08,GBP,23.52
2025-11-08,EUR,20.7654
2025-11-08,AUD,11.8429
2025-11-09,USD,18.2741
2025-11-09,GBP,23.305
2025-11-09,EUR,21.0763
2025-11-09,AUD,11.8744
2025-11-10,USD,18.1404
2025-11-10,GBP,23.1109
2025-11-10,EUR,20.916
2025-11-10,AUD,11.7725
2025-11-11,USD,18.159
2025-11-11,GBP,23.2862
2025-11-11,EUR,20.6756
2025-11-11,AUD,11.6843
2025-11-12,USD,18.0714
2025-11-12,GBP,23.3291
2025-11-12,EUR,20.7801
2025-11-12,AUD,11.719
2025-11-13,USD,18.4045
2025-11-13,GBP,23.0259
2025-11-13,EUR,20.9656
2025-11-13,AUD,11.7351
2025-11-14,USD,18.1883
2025-11-14,GBP,23.4096
2025-11-14,EUR,20.8939
2025-11-14,AUD,11.65
2025-11-15,USD,18.0846
2025-11-15,GBP,23.1596
2025-11-15,EUR,20.8799
2025-11-15,AUD,11.7513
2025-11-16,USD,18.3333
2025-11-16,GBP,22.7062
2025-11-16,EUR,21.1188
2025-11-16,AUD,11.9218
2025-11-17,USD,17.9424
2025-11-17,GBP,23.4209
2025-11-17,EUR,20.7202
2025-11-17,AUD,11.8787
2025-11-18,USD,18.217
2025-11-18,GBP,23.482
2025-11-18,EUR,20.8165
2025-11-18,AUD,11.8321
2025-11-19,USD,18.1696
2025-11-19,GBP,23.398
2025-11-19,EUR,21.043
2025-11-19,AUD,11.886
2025-11-20,USD,18.2518
2025-11-20,GBP,23.503
2025-11-20,EUR,20.7304
2025-11-20,AUD,11.7748
2025-11-21,USD,18.2642
2025-11-21,GBP,23.0879
2025-11-21,EUR,21.062
2025-11-21,AUD,11.8736
2025-11-22,USD,17.9608
2025-11-22,GBP,23.2748
2025-11-22,EUR,20.9777
2025-11-22,AUD,11.9605
2025-11-23,USD,18.3308
2025-11-23,GBP,23.5922
2025-11-23,EUR,20.9269
2025-11-23,AUD,11.8857
2025-11-24,USD,18.1446
2025-11-24,GBP,23.5636
2025-11-24,EUR,20.7547
2025-11-24,AUD,11.7418
2025-11-25,USD,18.2182
2025-11-25,GBP,23.2152
2025-11-25,EUR,20.7521
2025-11-25,AUD,11.9079
2025-11-26,USD,18.2247
2025-11-26,GBP,23.4267
2025-11-26,EUR,20.8896
2025-11-26,AUD,11.6964
2025-11-27,USD,18.1787
2025-11-27,GBP,23.6634
2025-11-27,EUR,20.978
2025-11-27,AUD,11.6203
2025-11-28,USD,18.033
2025-11-28,GBP,23.2052
2025-11-28,EUR,20.5996
2025-11-28,AUD,11.7492
2025-11-29,USD,18.4237
2025-11-29,GBP,23.0809
2025-11-29,EUR,20.8516
2025-11-29,AUD,11.5451
2025-11-30,USD,18.0433
2025-11-30,GBP,23.3263
2025-11-30,EUR,20.9336
2025-11-30,AUD,11.757
2025-12-01,USD,18.0507
2025-12-01,GBP,23.154
2025-12-01,EUR,21.045
2025-12-01,AUD,11.9416
2025-12-02,USD,18.2582
2025-12-02,GBP,23.0466
2025-12-02,EUR,20.6502
2025-12-02,AUD,11.7428
2025-12-03,USD,18.1362
2025-12-03,GBP,23.4381
2025-12-03,EUR,20.8894
2025-12-03,AUD,11.9113
2025-12-04,USD,18.5533
2025-12-04,GBP,23.1933
2025-12-04,EUR,21.0157
2025-12-04,AUD,11.6564
2025-12-05,USD,18.018
2025-12-05,GBP,23.413
2025-12-05,EUR,21.026
2025-12-05,AUD,11.7409
2025-12-06,USD,18.3238
2025-12-06,GBP,23.6028
2025-12-06,EUR,20.4471
2025-12-06,AUD,11.747
2025-12-07,USD,18.0174
2025-12-07,GBP,23.1733
2025-12-07,EUR,20.7297
2025-12-07,AUD,11.8071
2025-12-08,USD,18.0499
2025-12-08,GBP,23.0619
2025-12-08,EUR,20.9276
2025-12-08,AUD,11.7663
2025-12-09,USD,18.0549
2025-12-09,GBP,23.7936
2025-12-09,EUR,21.1396
2025-12-09,AUD,11.7314
2025-12-10,USD,17.9703
2025-12-10,GBP,23.5588
2025-12-10,EUR,20.9503
2025-12-10,AUD,11.7594
2025-12-11,USD,17.9888
2025-12-11,GBP,23.4564
2025-12-11,EUR,21.1406
2025-12-11,AUD,11.8163
2025-12-12,USD,17.8687
2025-12-12,GBP,23.4034
2025-12-12,EUR,20.9598
2025-12-12,AUD,11.8746
2025-12-13,USD,18.1716
2025-12-13,GBP,23.6313
2025-12-13,EUR,20.8402
2025-12-13,AUD,11.7739
2025-12-14,USD,17.885
2025-12-14,GBP,23.225
2025-12-14,EUR,20.8902
2025-12-14,AUD,11.9438
2025-12-15,USD,18.0182
2025-12-15,GBP,23.5506
2025-12-15,EUR,20.8717
2025-12-15,AUD,11.78
2025-12-16,USD,18.2962
2025-12-16,GBP,23.2625
2025-12-16,EUR,21.1286
2025-12-16,AUD,11.9756
2025-12-17,USD,17.9297
2025-12-17,GBP,23.1876
2025-12-17,EUR,21.022
2025-12-17,AUD,11.7425
2025-12-18,USD,18.0591
2025-12-18,GBP,23.2986
2025-12-18,EUR,20.9825
2025-12-18,AUD,11.7023
2025-12-19,USD,18.1049
2025-12-19,GBP,23.4313
2025-12-19,EUR,20.9391
2025-12-19,AUD,11.85
2025-12-20,USD,18.0111
2025-12-20,GBP,23.2365
2025-12-20,EUR,20.8019
2025-12-20,AUD,11.8587
2025-12-21,USD,18.3844
2025-12-21,GBP,23.1612
2025-12-21,EUR,21.3378
2025-12-21,AUD,11.6561
2025-12-22,USD,18.3882
2025-12-22,GBP,23.1095
2025-12-22,EUR,20.914
2025-12-22,AUD,11.7873
2025-12-23,USD,17.9911
2025-12-23,GBP,23.3068
2025-12-23,EUR,20.955
2025-12-23,AUD,11.8419
2025-12-24,USD,18.1657
2025-12-24,GBP,23.7045
2025-12-24,EUR,20.6383
2025-12-24,AUD,11.7201
2025-12-25,USD,18.3948
2025-12-25,GBP,23.4179
2025-12-25,EUR,21.0497
2025-12-25,AUD,11.8903
2025-12-26,USD,18.24
2025-12-26,GBP,23.468
2025-12-26,EUR,21.0045
2025-12-26,AUD,11.8786
2025-12-27,USD,18.3571
2025-12-27,GBP,23.5436
2025-12-27,EUR,21.209
2025-12-27,AUD,11.8018
2025-12-28,USD,18.2898
2025-12-28,GBP,23.2193
2025-12-28,EUR,20.8983
2025-12-28,AUD,11.638
2025-12-29,USD,18.386
2025-12-29,GBP,23.3035
2025-12-29,EUR,20.8439
2025-12-29,AUD,11.6517
2025-12-30,USD,18.3166
2025-12-30,GBP,23.6354
2025-12-30,EUR,20.9489
2025-12-30,AUD,11.78
2025-12-31,USD,18.2133
2025-12-31,GBP,23.5554
2025-12-31,EUR,20.571
2025-12-31,AUD,11.9738
2026-01-01,USD,18.1315
2026-01-01,GBP,23.433
2026-01-01,EUR,21.0552
2026-01-01,AUD,11.5489
2026-01-02,USD,18.1129
2026-01-02,GBP,23.3501
2026-01-02,EUR,21.2048
2026-01-02,AUD,11.867
2026-01-03,USD,18.1621
2026-01-03,GBP,23.5548
2026-01-03,EUR,21.1105
2026-01-03,AUD,11.9286
2026-01-04,USD,18.2191
2026-01-04,GBP,22.9433
2026-01-04,EUR,20.921
2026-01-04,AUD,11.7763
2026-01-05,USD,18.1853
2026-01-05,GBP,23.2922
2026-01-05,EUR,20.9843
2026-01-05,AUD,11.9373
2026-01-06,USD,18.0527
2026-01-06,GBP,23.6971
2026-01-06,EUR,20.5829
2026-01-06,AUD,11.8555
2026-01-07,USD,18.1351
2026-01-07,GBP,23.4733
2026-01-07,EUR,20.5153
2026-01-07,AUD,11.8698
2026-01-08,USD,18.3457
2026-01-08,GBP,23.5691
2026-01-08,EUR,20.8204
2026-01-08,AUD,11.9325
2026-01-09,USD,18.1587
2026-01-09,GBP,23.3584
2026-01-09,EUR,20.8906
2026-01-09,AUD,11.9878
2026-01-10,USD,18.2556
2026-01-10,GBP,23.5903
2026-01-10,EUR,21.1692
2026-01-10,AUD,11.6087
2026-01-11,USD,18.0785
2026-01-11,GBP,23.5729
2026-01-11,EUR,21.0596
2026-01-11,AUD,11.8245
2026-01-12,USD,18.2907
2026-01-12,GBP,23.3121
2026-01-12,EUR,21.0998
2026-01-12,AUD,11.877
2026-01-13,USD,18.229
2026-01-13,GBP,23.1952
2026-01-13,EUR,20.926
2026-01-13,AUD,11.8719
2026-01-14,USD,18.1367
2026-01-14,GBP,23.5604
2026-01-14,EUR,20.7638
2026-01-14,AUD,11.7731
2026-01-15,USD,18.1105
2026-01-15,GBP,23.2768
2026-01-15,EUR,21.1666
2026-01-15,AUD,11.7418
2026-01-16,USD,18.2646
2026-01-16,GBP,23.4232
2026-01-16,EUR,20.8001
2026-01-16,AUD,11.8338
2026-01-17,USD,18.4112
2026-01-17,GBP,23.2045
2026-01-17,EUR,20.8015
2026-01-17,AUD,11.8262
2026-01-18,USD,18.1475
2026-01-18,GBP,23.5177
2026-01-18,EUR,21.136
2026-01-18,AUD,11.8191
2026-01-19,USD,18.414
2026-01-19,GBP,23.5221
2026-01-19,EUR,20.8635
2026-01-19,AUD,11.9151
2026-01-20,USD,18.1367
2026-01-20,GBP,23.2044
2026-01-20,EUR,20.9682
2026-01-20,AUD,11.7899
2026-01-21,USD,18.2251
2026-01-21,GBP,23.3845
2026-01-21,EUR,20.903
2026-01-21,AUD,11.7707
2026-01-22,USD,18.2452
2026-01-22,GBP,23.7868
2026-01-22,EUR,21.0033
2026-01-22,AUD,11.857
2026-01-23,USD,18.3807
2026-01-23,GBP,23.3623
2026-01-23,EUR,20.8502
2026-01-23,AUD,11.8068
2026-01-24,USD,18.5229
2026-01-24,GBP,23.5223
2026-01-24,EUR,20.9195
2026-01-24,AUD,11.5443
2026-01-25,USD,18.0648
2026-01-25,GBP,23.2981
2026-01-25,EUR,21.2717
2026-01-25,AUD,11.74
2026-01-26,USD,18.2999
2026-01-26,GBP,23.4628
2026-01-26,EUR,21.0382
2026-01-26,AUD,11.7083
2026-01-27,USD,18.4744
2026-01-27,GBP,23.2969
2026-01-27,EUR,21.1022
2026-01-27,AUD,11.929
2026-01-28,USD,18.145
2026-01-28,GBP,23.2462
2026-01-28,EUR,20.8435
2026-01-28,AUD,11.9043
2026-01-29,USD,18.3148
2026-01-29,GBP,23.3635
2026-01-29,EUR,20.8758
2026-01-29,AUD,11.8119
2026-01-30,USD,18.1877
2026-01-30,GBP,23.5382
2026-01-30,EUR,20.9828
2026-01-30,AUD,11.618
2026-01-31,USD,18.0088
2026-01-31,GBP,23.206
2026-01-31,EUR,20.8352
2026-01-31,AUD,11.8824
2026-02-01,USD,18.0166
2026-02-01,GBP,23.6827
2026-02-01,EUR,20.7057
2026-02-01,AUD,11.6008
2026-02-02,USD,18.2566
2026-02-02,GBP,23.341
2026-02-02,EUR,21.0338
2026-02-02,AUD,11.6557
2026-02-03,USD,18.4901
2026-02-03,GBP,23.4491
2026-02-03,EUR,20.9319
2026-02-03,AUD,11.7538
2026-02-04,USD,18.17
2026-02-04,GBP,23.3644
2026-02-04,EUR,20.8266
2026-02-04,AUD,11.9359
2026-02-05,USD,18.1805
2026-02-05,GBP,23.2266
2026-02-05,EUR,20.8676
2026-02-05,AUD,11.7955
2026-02-06,USD,18.0471
2026-02-06,GBP,23.2814
2026-02-06,EUR,20.9801
2026-02-06,AUD,11.8045
2026-02-07,USD,18.0916
2026-02-07,GBP,23.1754
2026-02-07,EUR,20.8296
2026-02-07,AUD,11.8701
2026-02-08,USD,18.3902
2026-02-08,GBP,23.341
2026-02-08,EUR,20.6457
2026-02-08,AUD,11.8488
2026-02-09,USD,18.3697
2026-02-09,GBP,23.564
2026-02-09,EUR,21.3986
2026-02-09,AUD,11.8594
2026-02-10,USD,18.4931
2026-02-10,GBP,23.4847
2026-02-10,EUR,20.9182
2026-02-10,AUD,11.75
2026-02-11,USD,18.2521
2026-02-11,GBP,23.4669
2026-02-11,EUR,20.8496
2026-02-11,AUD,11.7254
2026-02-12,USD,18.3022
2026-02-12,GBP,23.4291
2026-02-12,EUR,20.9066
2026-02-12,AUD,11.8943
2026-02-13,USD,18.2331
2026-02-13,GBP,23.4765
2026-02-13,EUR,20.9702
2026-02-13,AUD,11.8773
2026-02-14,USD,18.3147
2026-02-14,GBP,23.8292
2026-02-14,EUR,21.0045
2026-02-14,AUD,11.8378
2026-02-15,USD,18.2144
2026-02-15,GBP,23.3805
2026-02-15,EUR,20.9968
2026-02-15,AUD,11.9931
2026-02-16,USD,18.3486
2026-02-16,GBP,23.3866
2026-02-16,EUR,20.7379
2026-02-16,AUD,11.8276
2026-02-17,USD,18.401
2026-02-17,GBP,23.6877
2026-02-17,EUR,21.0109
2026-02-17,AUD,11.9247
2026-02-18,USD,18.105
2026-02-18,GBP,23.2478
2026-02-18,EUR,20.9894
2026-02-18,AUD,11.7976
2026-02-19,USD,18.2754
2026-02-19,GBP,23.3328
2026-02-19,EUR,21.0525
2026-02-19,AUD,11.8456
2026-02-20,USD,18.3145
2026-02-20,GBP,23.4997
2026-02-20,EUR,21.0144
2026-02-20,AUD,12.0246
2026-02-21,USD,18.3574
2026-02-21,GBP,23.393
2026-02-21,EUR,20.5364
2026-02-21,AUD,11.672
2026-02-22,USD,18.0927
2026-02-22,GBP,23.2655
2026-02-22,EUR,20.7455
2026-02-22,AUD,11.6399
2026-02-23,USD,18.0951
2026-02-23,GBP,23.2047
2026-02-23,EUR,20.8664
2026-02-23,AUD,11.7655
2026-02-24,USD,17.9837
2026-02-24,GBP,23.3217
2026-02-24,EUR,20.9095
2026-02-24,AUD,11.6267
2026-02-25,USD,18.2181
2026-02-25,GBP,23.7492
2026-02-25,EUR,20.9555
2026-02-25,AUD,11.7556
2026-02-26,USD,18.0837
2026-02-26,GBP,23.3693
2026-02-26,EUR,21.0283
2026-02-26,AUD,11.8186
2026-02-27,USD,18.2006
2026-02-27,GBP,23.4922
2026-02-27,EUR,20.9743
2026-02-27,AUD,11.7298
2026-02-28,USD,18.2545
2026-02-28,GBP,23.3773
2026-02-28,EUR,21.0609
2026-02-28,AUD,11.7091
2026-03-01,USD,18.265
2026-03-01,GBP,23.2913
2026-03-01,EUR,21.0431
2026-03-01,AUD,11.8018
2026-03-02,USD,18.5018
2026-03-02,GBP,23.6922
2026-03-02,EUR,20.693
2026-03-02,AUD,11.7646
2026-03-03,USD,18.3221
2026-03-03,GBP,23.6167
2026-03-03,EUR,20.9461
2026-03-03,AUD,11.682
2026-03-04,USD,18.2163
2026-03-04,GBP,23.3581
2026-03-04,EUR,20.9075
2026-03-04,AUD,11.7688
2026-03-05,USD,18.1394
2026-03-05,GBP,23.3848
2026-03-05,EUR,20.6371
2026-03-05,AUD,11.8052
2026-03-06,USD,18.337
2026-03-06,GBP,23.3064
2026-03-06,EUR,20.7878
2026-03-06,AUD,11.9985
2026-03-07,USD,18.1441
2026-03-07,GBP,23.308
2026-03-07,EUR,21.1504
2026-03-07,AUD,11.8791
2026-03-08,USD,17.8465
2026-03-08,GBP,23.3209
2026-03-08,EUR,20.7376
2026-03-08,AUD,11.8559
2026-03-09,USD,18.0668
2026-03-09,GBP,23.272
2026-03-09,EUR,20.8195
2026-03-09,AUD,11.8371
2026-03-10,USD,18.2538
2026-03-10,GBP,23.2108
2026-03-10,EUR,20.7931
2026-03-10,AUD,11.7224
2026-03-11,USD,18.42
2026-03-11,GBP,22.9453
2026-03-11,EUR,20.8493
2026-03-11,AUD,11.8611
2026-03-12,USD,18.6399
2026-03-12,GBP,23.3431
2026-03-12,EUR,20.6885
2026-03-12,AUD,11.8237
2026-03-13,USD,18.098
2026-03-13,GBP,23.3844
2026-03-13,EUR,20.7707
2026-03-13,AUD,11.7706
2026-03-14,USD,17.9417
2026-03-14,GBP,23.192
2026-03-14,EUR,20.8394
2026-03-14,AUD,11.8444
2026-03-15,USD,18.075
2026-03-15,GBP,23.2796
2026-03-15,EUR,20.7635
2026-03-15,AUD,11.8157
2026-03-16,USD,18.4858
2026-03-16,GBP,23.2712
2026-03-16,EUR,21.2031
2026-03-16,AUD,11.6797
2026-03-17,USD,18.1756
2026-03-17,GBP,23.5142
2026-03-17,EUR,21.0599
2026-03-17,AUD,11.7406
2026-03-18,USD,18.2502
2026-03-18,GBP,23.5429
2026-03-18,EUR,21.1528
2026-03-18,AUD,11.6621
2026-03-19,USD,17.9863
2026-03-19,GBP,23.4161
2026-03-19,EUR,21.1859
2026-03-19,AUD,11.6572
2026-03-20,USD,17.8531
2026-03-20,GBP,23.2805
2026-03-20,EUR,21.2937
2026-03-20,AUD,11.8485
2026-03-21,USD,18.0537
2026-03-21,GBP,23.2945
2026-03-21,EUR,20.9434
2026-03-21,AUD,11.751
2026-03-22,USD,18.3004
2026-03-22,GBP,23.52
2026-03-22,EUR,20.872
2026-03-22,AUD,11.6385
2026-03-23,USD,18.1868
2026-03-23,GBP,23.5595
2026-03-23,EUR,20.9794
2026-03-23,AUD,11.9474
2026-03-24,USD,18.2332
2026-03-24,GBP,23.4051
2026-03-24,EUR,20.7312
2026-03-24,AUD,11.7331
2026-03-25,USD,18.2265
2026-03-25,GBP,23.4453
2026-03-25,EUR,20.8043
2026-03-25,AUD,11.8421
2026-03-26,USD,18.3887
2026-03-26,GBP,23.5061
2026-03-26,EUR,20.851
2026-03-26,AUD,11.824
2026-03-27,USD,18.1604
2026-03-27,GBP,23.4034
2026-03-27,EUR,20.8754
2026-03-27,AUD,11.6719
2026-03-28,USD,18.5655
2026-03-28,GBP,23.4552
2026-03-28,EUR,20.8101
2026-03-28,AUD,11.9177
2026-03-29,USD,18.3747
2026-03-29,GBP,23.3924
2026-03-29,EUR,20.9782
2026-03-29,AUD,11.7996
2026-03-30,USD,18.1872
2026-03-30,GBP,23.0951
2026-03-30,EUR,20.9562
2026-03-30,AUD,11.8453
2026-03-31,USD,18.2208
2026-03-31,GBP,23.0302
2026-03-31,EUR,20.7275
2026-03-31,AUD,12.0066
2026-04-01,USD,18.1309
2026-04-01,GBP,23.4293
2026-04-01,EUR,20.8977
2026-04-01,AUD,11.7973
2026-04-02,USD,18.0599
2026-04-02,GBP,23.3834
2026-04-02,EUR,20.8784
2026-04-02,AUD,11.8387
2026-04-03,USD,18.0789
2026-04-03,GBP,23.0972
2026-04-03,EUR,20.7271
2026-04-03,AUD,11.788
2026-04-04,USD,18.1055
2026-04-04,GBP,23.6739
2026-04-04,EUR,20.7461
2026-04-04,AUD,11.7948
2026-04-05,USD,18.309
2026-04-05,GBP,23.4731
2026-04-05,EUR,21.0832
2026-04-05,AUD,11.9083
2026-04-06,USD,18.1477
2026-04-06,GBP,23.3273
2026-04-06,EUR,20.989
2026-04-06,AUD,11.9279
2026-04-07,USD,18.4281
2026-04-07,GBP,23.1918
2026-04-07,EUR,20.771
2026-04-07,AUD,11.8066
2026-04-08,USD,18.3074
2026-04-08,GBP,23.5507
2026-04-08,EUR,20.6511
2026-04-08,AUD,11.8607
2026-04-09,USD,18.1653
2026-04-09,GBP,23.3411
2026-04-09,EUR,21.1951
2026-04-09,AUD,11.6584
2026-04-10,USD,18.1122
2026-04-10,GBP,23.5371
2026-04-10,EUR,21.0898
2026-04-10,AUD,11.8755
2026-04-11,USD,18.2202
2026-04-11,GBP,23.3703
2026-04-11,EUR,20.6593
2026-04-11,AUD,11.6854
2026-04-12,USD,18.3206
2026-04-12,GBP,23.5336
2026-04-12,EUR,20.7944
2026-04-12,AUD,11.9418
2026-04-13,USD,18.148
2026-04-13,GBP,23.0255
2026-04-13,EUR,20.764
2026-04-13,AUD,11.8948
2026-04-14,USD,18.2139
2026-04-14,GBP,23.4526
2026-04-14,EUR,21.3792
2026-04-14,AUD,11.7974
2026-04-15,USD,18.3939
2026-04-15,GBP,23.2854
2026-04-15,EUR,20.4394
2026-04-15,AUD,11.7905
2026-04-16,USD,18.3213
2026-04-16,GBP,23.2959
2026-04-16,EUR,20.7536
2026-04-16,AUD,11.8402
2026-04-17,USD,18.3028
2026-04-17,GBP,23.3783
2026-04-17,EUR,20.956
2026-04-17,AUD,11.606
2026-04-18,USD,18.3955
2026-04-18,GBP,23.5532
2026-04-18,EUR,21.0559
2026-04-18,AUD,11.7922
2026-04-19,USD,18.3614
2026-04-19,GBP,22.8425
2026-04-19,EUR,20.9286
2026-04-19,AUD,11.6692
2026-04-20,USD,18.3352
2026-04-20,GBP,23.454
2026-04-20,EUR,20.9737
2026-04-20,AUD,11.7342
2026-04-21,USD,18.3182
2026-04-21,GBP,23.3263
2026-04-21,EUR,20.8191
2026-04-21,AUD,11.8064
2026-04-22,USD,18.1471
2026-04-22,GBP,23.5803
2026-04-22,EUR,20.4064
2026-04-22,AUD,11.8553
2026-04-23,USD,17.9233
2026-04-23,GBP,23.4838
2026-04-23,EUR,20.9151
2026-04-23,AUD,11.7525
2026-04-24,USD,18.2194
2026-04-24,GBP,23.354
2026-04-24,EUR,20.9873
2026-04-24,AUD,11.7789
2026-04-25,USD,18.1426
2026-04-25,GBP,23.7456
2026-04-25,EUR,21.0159
2026-04-25,AUD,11.8544
2026-04-26,USD,18.0566
2026-04-26,GBP,23.1222
2026-04-26,EUR,20.6549
2026-04-26,AUD,11.8283
2026-04-27,USD,18.294
2026-04-27,GBP,23.6253
2026-04-27,EUR,20.6214
2026-04-27,AUD,11.7916
2026-04-28,USD,17.8571
2026-04-28,GBP,23.2743
2026-04-28,EUR,21.0333
2026-04-28,AUD,11.8621
2026-04-29,USD,18.0529
2026-04-29,GBP,23.0238
2026-04-29,EUR,21.0052
2026-04-29,AUD,11.9947
2026-04-30,USD,18.1793
2026-04-30,GBP,23.1936
2026-04-30,EUR,20.6538
2026-04-30,AUD,11.7083
2026-05-01,USD,18.2218
2026-05-01,GBP,23.6798
2026-05-01,EUR,21.0457
2026-05-01,AUD,12.0074
2026-05-02,USD,18.3482
2026-05-02,GBP,23.2618
2026-05-02,EUR,20.7385
2026-05-02,AUD,11.8142
2026-05-03,USD,18.1313
2026-05-03,GBP,23.3608
2026-05-03,EUR,21.1079
2026-05-03,AUD,11.9718
2026-05-04,USD,18.24
2026-05-04,GBP,23.4039
2026-05-04,EUR,20.724
2026-05-04,AUD,11.7329
2026-05-05,USD,18.0187
2026-05-05,GBP,23.5644
2026-05-05,EUR,21.0163
2026-05-05,AUD,11.8845
2026-05-06,USD,17.8442
2026-05-06,GBP,23.0378
2026-05-06,EUR,20.7398
2026-05-06,AUD,11.8609
2026-05-07,USD,18.3063
2026-05-07,GBP,23.5052
2026-05-07,EUR,21.0278
2026-05-07,AUD,11.7914
2026-05-08,USD,18.0983
2026-05-08,GBP,22.8615
2026-05-08,EUR,20.9317
2026-05-08,AUD,11.6254
2026-05-09,USD,18.3575
2026-05-09,GBP,23.3348
2026-05-09,EUR,20.6011
2026-05-09,AUD,11.7313
2026-05-10,USD,18.2361
2026-05-10,GBP,23.632
2026-05-10,EUR,21.0553
2026-05-10,AUD,11.9422
2026-05-11,USD,18.2059
2026-05-11,GBP,23.3618
2026-05-11,EUR,21.0823
2026-05-11,AUD,11.9309
2026-05-12,USD,18.1526
2026-05-12,GBP,23.1508
2026-05-12,EUR,21.0311
2026-05-12,AUD,11.8631
2026-05-13,USD,17.9431
2026-05-13,GBP,23.185
2026-05-13,EUR,20.9894
2026-05-13,AUD,11.8641
2026-05-14,USD,18.2299
2026-05-14,GBP,23.4186
2026-05-14,EUR,20.3499
2026-05-14,AUD,11.8894
2026-05-15,USD,18.0772
2026-05-15,GBP,23.5526
2026-05-15,EUR,20.8776
2026-05-15,AUD,11.8742
2026-05-16,USD,18.2912
2026-05-16,GBP,23.4996
2026-05-16,EUR,21.2501
2026-05-16,AUD,11.7429
2026-05-17,USD,18.1539
2026-05-17,GBP,23.0896
2026-05-17,EUR,21.0683
2026-05-17,AUD,11.7993
2026-05-18,USD,18.503
2026-05-18,GBP,23.067
2026-05-18,EUR,21.0586
2026-05-18,AUD,11.8392
2026-05-19,USD,18.3616
2026-05-19,GBP,23.7886
2026-05-19,EUR,21.1231
2026-05-19,AUD,11.7486
2026-05-20,USD,17.9156
2026-05-20,GBP,23.6874
2026-05-20,EUR,20.8579
2026-05-20,AUD,11.7523
2026-05-21,USD,18.5037
2026-05-21,GBP,23.1809
2026-05-21,EUR,20.7807
2026-05-21,AUD,11.693
2026-05-22,USD,18.2084
2026-05-22,GBP,23.5213
2026-05-22,EUR,20.7634
2026-05-22,AUD,11.7387
2026-05-23,USD,18.3388
2026-05-23,GBP,23.3647
2026-05-23,EUR,20.6415
2026-05-23,AUD,11.8437
2026-05-24,USD,18.2049
2026-05-24,GBP,23.3334
2026-05-24,EUR,21.0349
2026-05-24,AUD,11.944
2026-05-25,USD,18.3731
2026-05-25,GBP,23.5231
2026-05-25,EUR,20.9816
2026-05-25,AUD,11.5982
2026-05-26,USD,18.3577
2026-05-26,GBP,23.2918
2026-05-26,EUR,21.0404
2026-05-26,AUD,11.8233
2026-05-27,USD,17.8117
2026-05-27,GBP,23.1799
2026-05-27,EUR,21.086
2026-05-27,AUD,11.8739
2026-05-28,USD,18.0876
2026-05-28,GBP,23.4779
2026-05-28,EUR,21.0258
2026-05-28,AUD,11.5762
2026-05-29,USD,18.193
2026-05-29,GBP,23.7884
2026-05-29,EUR,20.9334
2026-05-29,AUD,11.7073
2026-05-30,USD,18.3105
2026-05-30,GBP,23.0923
2026-05-30,EUR,21.1712
2026-05-30,AUD,11.7837
2026-05-31,USD,18.1623
2026-05-31,GBP,23.4084
2026-05-31,EUR,20.6368
2026-05-31,AUD,11.7411
2026-06-01,USD,18.1686
2026-06-01,GBP,23.4304
2026-06-01,EUR,20.8197
2026-06-01,AUD,11.8351
2026-06-02,USD,18.2088
2026-06-02,GBP,23.2432
2026-06-02,EUR,20.9276
2026-06-02,AUD,11.7859
2026-06-03,USD,18.0179
2026-06-03,GBP,23.301
2026-06-03,EUR,21.1213
2026-06-03,AUD,11.8837
2026-06-04,USD,17.8237
2026-06-04,GBP,23.4847
2026-06-04,EUR,21.0121
2026-06-04,AUD,11.8491
2026-06-05,USD,17.9172
2026-06-05,GBP,23.3192
2026-06-05,EUR,20.8094
2026-06-05,AUD,11.7386
2026-06-06,USD,18.0619
2026-06-06,GBP,23.5033
2026-06-06,EUR,21.0529
2026-06-06,AUD,11.8229
2026-06-07,USD,18.1938
2026-06-07,GBP,23.547
2026-06-07,EUR,20.8912
2026-06-07,AUD,11.8014
2026-06-08,USD,18.0776
2026-06-08,GBP,23.311
2026-06-08,EUR,20.8945
2026-06-08,AUD,11.8111
2026-06-09,USD,17.9827
2026-06-09,GBP,23.445
2026-06-09,EUR,20.5574
2026-06-09,AUD,11.7413
2026-06-10,USD,17.9775
2026-06-10,GBP,23.051
2026-06-10,EUR,20.8665
2026-06-10,AUD,11.7714
2026-06-11,USD,18.0976
2026-06-11,GBP,23.4738
2026-06-11,EUR,20.9843
2026-06-11,AUD,11.8202
2026-06-12,USD,17.9831
2026-06-12,GBP,23.2374
2026-06-12,EUR,20.6069
2026-06-12,AUD,11.8917
2026-06-13,USD,18.2438
2026-06-13,GBP,23.4221
2026-06-13,EUR,20.9801
2026-06-13,AUD,11.7138
2026-06-14,USD,18.2596
2026-06-14,GBP,23.3499
2026-06-14,EUR,21.0465
2026-06-14,AUD,11.706
2026-06-15,USD,18.3566
2026-06-15,GBP,23.411
2026-06-15,EUR,20.585
2026-06-15,AUD,11.6031
2026-06-16,USD,18.1779
2026-06-16,GBP,23.3151
2026-06-16,EUR,20.8596
2026-06-16,AUD,11.7429
2026-06-17,USD,18.154
2026-06-17,GBP,23.208
2026-06-17,EUR,20.8534
2026-06-17,AUD,11.797
2026-06-18,USD,18.3192
2026-06-18,GBP,23.5472
2026-06-18,EUR,20.9915
2026-06-18,AUD,11.7541
2026-06-19,USD,18.175
2026-06-19,GBP,23.392
2026-06-19,EUR,20.9739
2026-06-19,AUD,11.7732
2026-06-20,USD,18.2578
2026-06-20,GBP,23.2155
2026-06-20,EUR,21.0744
2026-06-20,AUD,11.835
2026-06-21,USD,18.159
2026-06-21,GBP,23.2501
2026-06-21,EUR,20.7893
2026-06-21,AUD,11.842
2026-06-22,USD,18.2618
2026-06-22,GBP,23.2264
2026-06-22,EUR,20.7055
2026-06-22,AUD,11.9607
2026-06-23,USD,18.1093
2026-06-23,GBP,23.4539
2026-06-23,EUR,20.7918
2026-06-23,AUD,11.7085
2026-06-24,USD,18.2478
2026-06-24,GBP,23.4684
2026-06-24,EUR,20.8294
2026-06-24,AUD,11.9696
2026-06-25,USD,18.068
2026-06-25,GBP,23.4112
2026-06-25,EUR,20.9029
2026-06-25,AUD,11.6805
2026-06-26,USD,18.188
2026-06-26,GBP,23.3463
2026-06-26,EUR,21.2364
2026-06-26,AUD,11.894
2026-06-27,USD,18.1691
2026-06-27,GBP,23.3784
2026-06-27,EUR,20.9958
2026-06-27,AUD,11.7978
2026-06-28,USD,18.4013
2026-06-28,GBP,23.549
2026-06-28,EUR,20.7539
2026-06-28,AUD,11.7914
2026-06-29,USD,18.3613
2026-06-29,GBP,23.253
2026-06-29,EUR,21.2339
2026-06-29,AUD,11.6812
2026-06-30,USD,18.1657
2026-06-30,GBP,23.4289
2026-06-30,EUR,20.8342
2026-06-30,AUD,11.7526
2026-07-01,USD,18.2632
2026-07-01,GBP,23.4701
2026-07-01,EUR,20.7235
2026-07-01,AUD,11.7493
2026-07-02,USD,18.2378
2026-07-02,GBP,23.4884
2026-07-02,EUR,20.9504
2026-07-02,AUD,11.658
2026-07-03,USD,18.3791
2026-07-03,GBP,23.319
2026-07-03,EUR,20.9372
2026-07-03,AUD,11.7815
2026-07-04,USD,18.2754
2026-07-04,GBP,23.6034
2026-07-04,EUR,20.7181
2026-07-04,AUD,11.7774
2026-07-05,USD,18.0593
2026-07-05,GBP,23.6125
2026-07-05,EUR,21.0037
2026-07-05,AUD,11.8493
2026-07-06,USD,18.0704
2026-07-06,GBP,23.2618
2026-07-06,EUR,20.8086
2026-07-06,AUD,11.8549
2026-07-07,USD,18.3157
2026-07-07,GBP,23.3683
2026-07-07,EUR,21.1434
2026-07-07,AUD,11.7901
2026-07-08,USD,18.1344
2026-07-08,GBP,23.8229
2026-07-08,EUR,21.0173
2026-07-08,AUD,11.6748
2026-07-09,USD,18.1911
2026-07-09,GBP,23.3798
2026-07-09,EUR,21.209
2026-07-09,AUD,11.938
2026-07-10,USD,18.4211
2026-07-10,GBP,23.406
2026-07-10,EUR,20.5165
2026-07-10,AUD,11.7681
2026-07-11,USD,18.1106
2026-07-11,GBP,23.6368
2026-07-11,EUR,20.7625
2026-07-11,AUD,11.7165
2026-07-12,USD,18.4062
2026-07-12,GBP,23.5582
2026-07-12,EUR,20.97
2026-07-12,AUD,11.9498
2026-07-13,USD,18.2608
2026-07-13,GBP,23.3141
2026-07-13,EUR,21.2008
2026-07-13,AUD,11.6412
2026-07-14,USD,18.1831
2026-07-14,GBP,23.3277
2026-07-14,EUR,20.8749
2026-07-14,AUD,11.969
2026-07-15,USD,18.1777
2026-07-15,GBP,23.6642
2026-07-15,EUR,20.701
2026-07-15,AUD,11.7139
2026-07-16,USD,18.2341
2026-07-16,GBP,23.0902
2026-07-16,EUR,20.9954
2026-07-16,AUD,11.7473
2026-07-17,USD,17.8453
2026-07-17,GBP,23.5343
2026-07-17,EUR,20.8531
2026-07-17,AUD,11.8496
2026-07-18,USD,18.0571
2026-07-18,GBP,23.5964
2026-07-18,EUR,20.9278
2026-07-18,AUD,11.8457
2026-07-19,USD,18.2119
2026-07-19,GBP,23.0741
2026-07-19,EUR,20.9506
2026-07-19,AUD,11.6429
2026-07-20,USD,18.3786
2026-07-20,GBP,23.5531
2026-07-20,EUR,20.9197
2026-07-20,AUD,11.7107
2026-07-21,USD,18.1631
2026-07-21,GBP,23.2454
2026-07-21,EUR,21.0785
2026-07-21,AUD,11.9311
2026-07-22,USD,18.3063
2026-07-22,GBP,23.5149
2026-07-22,EUR,20.9069
2026-07-22,AUD,11.7238
2026-07-23,USD,18.329
2026-07-23,GBP,23.4151
2026-07-23,EUR,21.2366
2026-07-23,AUD,11.8264
2026-07-24,USD,18.265
2026-07-24,GBP,23.171
2026-07-24,EUR,20.497
2026-07-24,AUD,11.7485
2026-07-25,USD,18.2891
2026-07-25,GBP,23.3846
2026-07-25,EUR,20.9223
2026-07-25,AUD,11.9126
2026-07-26,USD,18.226
2026-07-26,GBP,23.3445
2026-07-26,EUR,20.6807
2026-07-26,AUD,11.8036
2026-07-27,USD,17.8553
2026-07-27,GBP,23.228
2026-07-27,EUR,20.6954
2026-07-27,AUD,11.718
2026-07-28,USD,17.9583
2026-07-28,GBP,23.1639
2026-07-28,EUR,20.9102
2026-07-28,AUD,11.8169
2026-07-29,USD,18.3879
2026-07-29,GBP,23.2142
2026-07-29,EUR,20.9874
2026-07-29,AUD,11.7333
2026-07-30,USD,18.5092
2026-07-30,GBP,23.2117
2026-07-30,EUR,20.8793
2026-07-30,AUD,11.8109
2026-07-31,USD,18.4465
2026-07-31,GBP,23.5821
2026-07-31,EUR,20.8384
2026-07-31,AUD,11.9483
