,date,currency,zar_rate
0,2025-01-01,USD,18.1591
1,2025-01-01,GBP,23.289
2,2025-01-01,EUR,21.0701
3,2025-01-01,AUD,11.7025
4,2025-01-02,USD,18.3837
5,2025-01-02,GBP,23.6094
6,2025-01-02,EUR,21.2311
7,2025-01-02,AUD,11.5222
8,2025-01-03,USD,18.1092
9,2025-01-03,GBP,23.2639
10,2025-01-03,EUR,20.9057
11,2025-01-03,AUD,11.7758
12,2025-01-04,USD,18.1347
13,2025-01-04,GBP,23.8421
14,2025-01-04,EUR,21.1066
15,2025-01-04,AUD,11.7352
16,2025-01-05,USD,18.1325
17,2025-01-05,GBP,23.1547
18,2025-01-05,EUR,21.0308
19,2025-01-05,AUD,11.8432
20,2025-01-06,USD,18.0845
21,2025-01-06,GBP,23.645
22,2025-01-06,EUR,20.6738
23,2025-01-06,AUD,11.8539
24,2025-01-07,USD,18.4369
25,2025-01-07,GBP,23.4641
26,2025-01-07,EUR,20.803
27,2025-01-07,AUD,11.7712
28,2025-01-08,USD,18.4174
29,2025-01-08,GBP,23.2684
30,2025-01-08,EUR,20.6314
31,2025-01-08,AUD,11.8162
32,2025-01-09,USD,18.1648
33,2025-01-09,GBP,23.3633
34,2025-01-09,EUR,20.7891
35,2025-01-09,AUD,11.9483
36,2025-01-10,USD,18.1227
37,2025-01-10,GBP,23.2558
38,2025-01-10,EUR,20.6615
39,2025-01-10,AUD,11.7394
40,2025-01-11,USD,18.3178
41,2025-01-11,GBP,23.5066
42,2025-01-11,EUR,20.7842
43,2025-01-11,AUD,11.6789
44,2025-01-12,USD,18.2852
45,2025-01-12,GBP,23.4566
46,2025-01-12,EUR,21.1209
47,2025-01-12,AUD,11.734
48,2025-01-13,USD,18.1953
49,2025-01-13,GBP,23.278
50,2025-01-13,EUR,20.8798
51,2025-01-13,AUD,11.5966
52,2025-01-14,USD,18.2096
53,2025-01-14,GBP,23.448
54,2025-01-14,EUR,20.6064
55,2025-01-14,AUD,11.8704
56,2025-01-15,USD,18.2943
57,2025-01-15,GBP,23.3767
58,2025-01-15,EUR,20.8532
59,2025-01-15,AUD,11.7603
60,2025-01-16,USD,18.1788
61,2025-01-16,GBP,23.1913
62,2025-01-16,EUR,20.9826
63,2025-01-16,AUD,11.7478
64,2025-01-17,USD,18.4121
65,2025-01-17,GBP,23.4402
66,2025-01-17,EUR,20.7444
67,2025-01-17,AUD,11.6936
68,2025-01-18,USD,18.487
69,2025-01-18,GBP,23.5662
70,2025-01-18,EUR,20.7288
71,2025-01-18,AUD,11.6445
72,2025-01-19,USD,18.0217
73,2025-01-19,GBP,23.3082
74,2025-01-19,EUR,20.7024
75,2025-01-19,AUD,11.7866
76,2025-01-20,USD,18.2174
77,2025-01-20,GBP,23.2676
78,2025-01-20,EUR,20.8266
79,2025-01-20,AUD,11.7132
80,2025-01-21,USD,18.1274
81,2025-01-21,GBP,23.806
82,2025-01-21,EUR,20.5516
83,2025-01-21,AUD,11.6665
84,2025-01-22,USD,18.3887
85,2025-01-22,GBP,23.3055
86,2025-01-22,EUR,20.5657
87,2025-01-22,AUD,11.8034
88,2025-01-23,USD,18.38
89,2025-01-23,GBP,23.5257
90,2025-01-23,EUR,21.0239
91,2025-01-23,AUD,11.9713
92,2025-01-24,USD,18.3065
93,2025-01-24,GBP,23.5186
94,2025-01-24,EUR,20.9008
95,2025-01-24,AUD,11.7463
96,2025-01-25,USD,18.1848
97,2025-01-25,GBP,23.125
98,2025-01-25,EUR,21.0485
99,2025-01-25,AUD,11.7888
100,2025-01-26,USD,18.0464
101,2025-01-26,GBP,23.4978
102,2025-01-26,EUR,20.6727
103,2025-01-26,AUD,11.7427
104,2025-01-27,USD,18.2342
105,2025-01-27,GBP,23.0833
106,2025-01-27,EUR,20.926
107,2025-01-27,AUD,11.8002
108,2025-01-28,USD,18.1353
109,2025-01-28,GBP,23.151
110,2025-01-28,EUR,20.9454
111,2025-01-28,AUD,11.7693
112,2025-01-29,USD,18.2854
113,2025-01-29,GBP,23.4463
114,2025-01-29,EUR,21.1629
115,2025-01-29,AUD,11.7357
116,2025-01-30,USD,18.2214
117,2025-01-30,GBP,23.0951
118,2025-01-30,EUR,20.758
119,2025-01-30,AUD,11.7489
120,2025-01-31,USD,18.2718
121,2025-01-31,GBP,23.2658
122,2025-01-31,EUR,21.0318
123,2025-01-31,AUD,11.6716
124,2025-02-01,USD,17.9229
125,2025-02-01,GBP,23.624
126,2025-02-01,EUR,20.7873
127,2025-02-01,AUD,11.82
128,2025-02-02,USD,18.2638
129,2025-02-02,GBP,23.662
130,2025-02-02,EUR,20.906
131,2025-02-02,AUD,11.7068
132,2025-02-03,USD,18.18
133,2025-02-03,GBP,23.5143
134,2025-02-03,EUR,21.0691
135,2025-02-03,AUD,11.9267
136,2025-02-04,USD,18.1436
137,2025-02-04,GBP,22.9282
138,2025-02-04,EUR,20.7602
139,2025-02-04,AUD,11.7512
140,2025-02-05,USD,18.0598
141,2025-02-05,GBP,23.4409
142,2025-02-05,EUR,21.0049
143,2025-02-05,AUD,11.8239
144,2025-02-06,USD,18.1875
145,2025-02-06,GBP,23.3886
146,2025-02-06,EUR,20.8212
147,2025-02-06,AUD,11.6654
148,2025-02-07,USD,18.2537
149,2025-02-07,GBP,23.0383
150,2025-02-07,EUR,20.7133
151,2025-02-07,AUD,11.7183
152,2025-02-08,USD,18.2735
153,2025-02-08,GBP,23.5199
154,2025-02-08,EUR,20.9154
155,2025-02-08,AUD,11.8431
156,2025-02-09,USD,18.249
157,2025-02-09,GBP,23.4529
158,2025-02-09,EUR,20.9794
159,2025-02-09,AUD,11.7432
160,2025-02-10,USD,18.0442
161,2025-02-10,GBP,22.9311
162,2025-02-10,EUR,21.0461
163,2025-02-10,AUD,11.7183
164,2025-02-11,USD,18.0588
165,2025-02-11,GBP,23.1928
166,2025-02-11,EUR,21.0436
167,2025-02-11,AUD,11.6384
168,2025-02-12,USD,18.152
169,2025-02-12,GBP,23.4367
170,2025-02-12,EUR,20.9564
171,2025-02-12,AUD,11.7043
172,2025-02-13,USD,18.1022
173,2025-02-13,GBP,23.5448
174,2025-02-13,EUR,20.7935
175,2025-02-13,AUD,11.6558
176,2025-02-14,USD,17.9407
177,2025-02-14,GBP,23.4164
178,2025-02-14,EUR,21.0092
179,2025-02-14,AUD,11.8629
180,2025-02-15,USD,17.9166
181,2025-02-15,GBP,23.2771
182,2025-02-15,EUR,20.7964
183,2025-02-15,AUD,11.8182
184,2025-02-16,USD,18.2399
185,2025-02-16,GBP,23.4925
186,2025-02-16,EUR,20.9159
187,2025-02-16,AUD,11.7524
188,2025-02-17,USD,18.2758
189,2025-02-17,GBP,23.2897
190,2025-02-17,EUR,21.0286
191,2025-02-17,AUD,11.8374
192,2025-02-18,USD,18.1097
193,2025-02-18,GBP,23.4251
194,2025-02-18,EUR,21.0189
195,2025-02-18,AUD,11.8568
196,2025-02-19,USD,17.9985
197,2025-02-19,GBP,23.3319
198,2025-02-19,EUR,20.8988
199,2025-02-19,AUD,11.93
200,2025-02-20,USD,18.1286
201,2025-02-20,GBP,23.2994
202,2025-02-20,EUR,21.0741
203,2025-02-20,AUD,11.795
204,2025-02-21,USD,18.2191
205,2025-02-21,GBP,23.4836
206,2025-02-21,EUR,20.8102
207,2025-02-21,AUD,11.6405
208,2025-02-22,USD,18.2721
209,2025-02-22,GBP,23.3943
210,2025-02-22,EUR,20.9075
211,2025-02-22,AUD,11.6354
212,2025-02-23,USD,18.3784
213,2025-02-23,GBP,22.8246
214,2025-02-23,EUR,20.8238
215,2025-02-23,AUD,11.9288
216,2025-02-24,USD,18.0596
217,2025-02-24,GBP,23.6368
218,2025-02-24,EUR,20.6174
219,2025-02-24,AUD,11.8043
220,2025-02-25,USD,18.2263
221,2025-02-25,GBP,23.3306
222,2025-02-25,EUR,21.0387
223,2025-02-25,AUD,11.6711
224,2025-02-26,USD,18.1607
225,2025-02-26,GBP,23.3324
226,2025-02-26,EUR,20.8948
227,2025-02-26,AUD,11.5494
228,2025-02-27,USD,18.1432
229,2025-02-27,GBP,23.2558
230,2025-02-27,EUR,20.9075
231,2025-02-27,AUD,12.0199
232,2025-02-28,USD,17.9617
233,2025-02-28,GBP,23.4826
234,2025-02-28,EUR,20.8756
235,2025-02-28,AUD,11.8189
236,2025-03-01,USD,18.2666
237,2025-03-01,GBP,23.3243
238,2025-03-01,EUR,20.9426
239,2025-03-01,AUD,11.9333
240,2025-03-02,USD,18.4786
241,2025-03-02,GBP,23.7127
242,2025-03-02,EUR,21.0448
243,2025-03-02,AUD,11.7555
244,2025-03-03,USD,18.3302
245,2025-03-03,GBP,23.5509
246,2025-03-03,EUR,21.1922
247,2025-03-03,AUD,11.9641
248,2025-03-04,USD,18.2686
249,2025-03-04,GBP,23.6528
250,2025-03-04,EUR,20.8777
251,2025-03-04,AUD,11.7747
252,2025-03-05,USD,18.174
253,2025-03-05,GBP,23.351
254,2025-03-05,EUR,21.0063
255,2025-03-05,AUD,11.9222
256,2025-03-06,USD,18.0493
257,2025-03-06,GBP,23.2508
258,2025-03-06,EUR,20.8834
259,2025-03-06,AUD,11.8324
260,2025-03-07,USD,18.1697
261,2025-03-07,GBP,23.5132
262,2025-03-07,EUR,20.9967
263,2025-03-07,AUD,11.9915
264,2025-03-08,USD,18.2059
265,2025-03-08,GBP,23.7221
266,2025-03-08,EUR,20.8513
267,2025-03-08,AUD,12.0288
268,2025-03-09,USD,18.2329
269,2025-03-09,GBP,23.4722
270,2025-03-09,EUR,20.9757
271,2025-03-09,AUD,11.8789
272,2025-03-10,USD,18.1181
273,2025-03-10,GBP,23.386
274,2025-03-10,EUR,20.7108
275,2025-03-10,AUD,11.707
276,2025-03-11,USD,18.1944
277,2025-03-11,GBP,23.4862
278,2025-03-11,EUR,20.8876
279,2025-03-11,AUD,11.6277
280,2025-03-12,USD,18.3105
281,2025-03-12,GBP,23.612
282,2025-03-12,EUR,20.9269
283,2025-03-12,AUD,11.75
284,2025-03-13,USD,18.1752
285,2025-03-13,GBP,23.4627
286,2025-03-13,EUR,20.7841
287,2025-03-13,AUD,11.6955
288,2025-03-14,USD,18.2414
289,2025-03-14,GBP,23.5398
290,2025-03-14,EUR,21.0553
291,2025-03-14,AUD,11.7393
292,2025-03-15,USD,18.4315
293,2025-03-15,GBP,23.4029
294,2025-03-15,EUR,20.9853
295,2025-03-15,AUD,11.6924
296,2025-03-16,USD,18.1226
297,2025-03-16,GBP,23.0403
298,2025-03-16,EUR,20.9318
299,2025-03-16,AUD,11.7618
300,2025-03-17,USD,18.3493
301,2025-03-17,GBP,23.8167
302,2025-03-17,EUR,20.7304
303,2025-03-17,AUD,11.8523
304,2025-03-18,USD,18.3658
305,2025-03-18,GBP,23.6635
306,2025-03-18,EUR,21.0817
307,2025-03-18,AUD,11.7442
308,2025-03-19,USD,18.5783
309,2025-03-19,GBP,23.1704
310,2025-03-19,EUR,21.0213
311,2025-03-19,AUD,11.8887
312,2025-03-20,USD,18.0946
313,2025-03-20,GBP,23.2312
314,2025-03-20,EUR,20.7448
315,2025-03-20,AUD,11.8835
316,2025-03-21,USD,17.932
317,2025-03-21,GBP,23.2999
318,2025-03-21,EUR,20.7927
319,2025-03-21,AUD,11.7141
320,2025-03-22,USD,17.877
321,2025-03-22,GBP,23.3686
322,2025-03-22,EUR,20.5956
323,2025-03-22,AUD,11.6671
324,2025-03-23,USD,18.1912
325,2025-03-23,GBP,23.2865
326,2025-03-23,EUR,20.8648
327,2025-03-23,AUD,11.8398
328,2025-03-24,USD,18.091
329,2025-03-24,GBP,23.3108
330,2025-03-24,EUR,20.6572
331,2025-03-24,AUD,11.7573
332,2025-03-25,USD,18.0633
333,2025-03-25,GBP,23.4021
334,2025-03-25,EUR,20.9415
335,2025-03-25,AUD,11.8633
336,2025-03-26,USD,18.3561
337,2025-03-26,GBP,23.6035
338,2025-03-26,EUR,20.7469
339,2025-03-26,AUD,11.7673
340,2025-03-27,USD,18.3373
341,2025-03-27,GBP,23.5175
342,2025-03-27,EUR,20.9391
343,2025-03-27,AUD,11.8786
344,2025-03-28,USD,18.2582
345,2025-03-28,GBP,23.4552
346,2025-03-28,EUR,20.9816
347,2025-03-28,AUD,11.7392
348,2025-03-29,USD,18.0909
349,2025-03-29,GBP,23.6118
350,2025-03-29,EUR,20.8336
351,2025-03-29,AUD,11.6696
352,2025-03-30,USD,18.3159
353,2025-03-30,GBP,23.2636
354,2025-03-30,EUR,20.6471
355,2025-03-30,AUD,11.8594
356,2025-03-31,USD,18.1476
357,2025-03-31,GBP,23.4942
358,2025-03-31,EUR,20.6537
359,2025-03-31,AUD,11.8111
360,2025-04-01,USD,18.2449
361,2025-04-01,GBP,23.4645
362,2025-04-01,EUR,20.8554
363,2025-04-01,AUD,11.8771
364,2025-04-02,USD,18.0041
365,2025-04-02,GBP,23.2227
366,2025-04-02,EUR,21.2507
367,2025-04-02,AUD,11.7253
368,2025-04-03,USD,18.0581
369,2025-04-03,GBP,23.6074
370,2025-04-03,EUR,20.8545
371,2025-04-03,AUD,11.775
372,2025-04-04,USD,17.9027
373,2025-04-04,GBP,23.124
374,2025-04-04,EUR,20.9425
375,2025-04-04,AUD,11.7629
376,2025-04-05,USD,18.253
377,2025-04-05,GBP,23.5353
378,2025-04-05,EUR,20.9573
379,2025-04-05,AUD,11.9044
380,2025-04-06,USD,18.2658
381,2025-04-06,GBP,23.3963
382,2025-04-06,EUR,20.8399
383,2025-04-06,AUD,11.8046
384,2025-04-07,USD,18.1896
385,2025-04-07,GBP,23.3846
386,2025-04-07,EUR,20.9567
387,2025-04-07,AUD,11.8296
388,2025-04-08,USD,18.0378
389,2025-04-08,GBP,23.5265
390,2025-04-08,EUR,20.9617
391,2025-04-08,AUD,11.8041
392,2025-04-09,USD,18.3016
393,2025-04-09,GBP,23.2267
394,2025-04-09,EUR,20.788
395,2025-04-09,AUD,11.7244
396,2025-04-10,USD,18.2988
397,2025-04-10,GBP,23.4462
398,2025-04-10,EUR,20.8629
399,2025-04-10,AUD,11.8514
400,2025-04-11,USD,17.9997
401,2025-04-11,GBP,23.615
402,2025-04-11,EUR,21.0105
403,2025-04-11,AUD,11.7661
404,2025-04-12,USD,17.9617
405,2025-04-12,GBP,23.2289
406,2025-04-12,EUR,20.8555
407,2025-04-12,AUD,11.8199
408,2025-04-13,USD,18.3438
409,2025-04-13,GBP,23.5961
410,2025-04-13,EUR,20.6775
411,2025-04-13,AUD,11.8208
412,2025-04-14,USD,18.2143
413,2025-04-14,GBP,23.3045
414,2025-04-14,EUR,20.7689
415,2025-04-14,AUD,11.8625
416,2025-04-15,USD,18.2658
417,2025-04-15,GBP,23.5137
418,2025-04-15,EUR,21.1285
419,2025-04-15,AUD,11.6648
420,2025-04-16,USD,18.2352
421,2025-04-16,GBP,23.5568
422,2025-04-16,EUR,21.1266
423,2025-04-16,AUD,11.7172
424,2025-04-17,USD,18.163
425,2025-04-17,GBP,23.4809
426,2025-04-17,EUR,20.7524
427,2025-04-17,AUD,11.8532
428,2025-04-18,USD,18.2255
429,2025-04-18,GBP,23.7213
430,2025-04-18,EUR,20.9284
431,2025-04-18,AUD,11.8715
432,2025-04-19,USD,18.2324
433,2025-04-19,GBP,23.3046
434,2025-04-19,EUR,21.0141
435,2025-04-19,AUD,11.6512
436,2025-04-20,USD,18.4297
437,2025-04-20,GBP,23.3842
438,2025-04-20,EUR,20.8283
439,2025-04-20,AUD,11.9464
440,2025-04-21,USD,17.9067
441,2025-04-21,GBP,23.2419
442,2025-04-21,EUR,20.6203
443,2025-04-21,AUD,11.7489
444,2025-04-22,USD,18.4052
445,2025-04-22,GBP,23.3005
446,2025-04-22,EUR,20.9547
447,2025-04-22,AUD,11.8521
448,2025-04-23,USD,18.3229
449,2025-04-23,GBP,23.7656
450,2025-04-23,EUR,20.7055
451,2025-04-23,AUD,11.8235
452,2025-04-24,USD,18.1922
453,2025-04-24,GBP,23.3649
454,2025-04-24,EUR,20.7427
455,2025-04-24,AUD,11.9277
456,2025-04-25,USD,18.194
457,2025-04-25,GBP,23.1997
458,2025-04-25,EUR,20.9481
459,2025-04-25,AUD,11.8818
460,2025-04-26,USD,18.0787
461,2025-04-26,GBP,23.2357
462,2025-04-26,EUR,20.9243
463,2025-04-26,AUD,11.7827
464,2025-04-27,USD,18.3451
465,2025-04-27,GBP,23.319
466,2025-04-27,EUR,20.5757
467,2025-04-27,AUD,11.8246
468,2025-04-28,USD,18.402
469,2025-04-28,GBP,23.4403
470,2025-04-28,EUR,20.6777
471,2025-04-28,AUD,11.7835
472,2025-04-29,USD,18.1341
473,2025-04-29,GBP,23.6161
474,2025-04-29,EUR,20.8086
475,2025-04-29,AUD,11.7624
476,2025-04-30,USD,18.3544
477,2025-04-30,GBP,23.618
478,2025-04-30,EUR,21.0755
479,2025-04-30,AUD,11.8248
480,2025-05-01,USD,18.1171
481,2025-05-01,GBP,23.53
482,2025-05-01,EUR,20.8228
483,2025-05-01,AUD,11.9314
484,2025-05-02,USD,18.2318
485,2025-05-02,GBP,23.6155
486,2025-05-02,EUR,20.9771
487,2025-05-02,AUD,11.6985
488,2025-05-03,USD,18.1528
489,2025-05-03,GBP,23.3079
490,2025-05-03,EUR,20.7814
491,2025-05-03,AUD,11.7932
492,2025-05-04,USD,18.1681
493,2025-05-04,GBP,23.3034
494,2025-05-04,EUR,20.8281
495,2025-05-04,AUD,11.8116
496,2025-05-05,USD,18.3258
497,2025-05-05,GBP,23.564
498,2025-05-05,EUR,21.08
499,2025-05-05,AUD,11.8024
500,2025-05-06,USD,18.2134
501,2025-05-06,GBP,23.2711
502,2025-05-06,EUR,20.9789
503,2025-05-06,AUD,11.9662
504,2025-05-07,USD,18.2375
505,2025-05-07,GBP,23.024
506,2025-05-07,EUR,20.8265
507,2025-05-07,AUD,11.8101
508,2025-05-08,USD,18.3222
509,2025-05-08,GBP,23.5455
510,2025-05-08,EUR,21.1084
511,2025-05-08,AUD,11.9478
512,2025-05-09,USD,18.248
513,2025-05-09,GBP,23.6792
514,2025-05-09,EUR,20.8095
515,2025-05-09,AUD,11.7822
516,2025-05-10,USD,18.2181
517,2025-05-10,GBP,23.2765
518,2025-05-10,EUR,20.9894
519,2025-05-10,AUD,11.6916
520,2025-05-11,USD,18.3009
521,2025-05-11,GBP,23.5343
522,2025-05-11,EUR,20.3189
523,2025-05-11,AUD,11.7279
524,2025-05-12,USD,18.3763
525,2025-05-12,GBP,23.533
526,2025-05-12,EUR,20.9
527,2025-05-12,AUD,11.7682
528,2025-05-13,USD,18.1049
529,2025-05-13,GBP,23.7023
530,2025-05-13,EUR,20.989
531,2025-05-13,AUD,11.7639
532,2025-05-14,USD,17.9973
533,2025-05-14,GBP,23.286
534,2025-05-14,EUR,20.8281
535,2025-05-14,AUD,11.99
536,2025-05-15,USD,18.237
537,2025-05-15,GBP,23.4895
538,2025-05-15,EUR,20.7224
539,2025-05-15,AUD,11.7426
540,2025-05-16,USD,18.0626
541,2025-05-16,GBP,23.3167
542,2025-05-16,EUR,20.8482
543,2025-05-16,AUD,11.8727
544,2025-05-17,USD,18.1593
545,2025-05-17,GBP,23.4108
546,2025-05-17,EUR,21.002
547,2025-05-17,AUD,11.7919
548,2025-05-18,USD,18.2337
549,2025-05-18,GBP,23.4623
550,2025-05-18,EUR,20.7062
551,2025-05-18,AUD,11.9176
552,2025-05-19,USD,18.0713
553,2025-05-19,GBP,23.4424
554,2025-05-19,EUR,20.7775
555,2025-05-19,AUD,11.836
556,2025-05-20,USD,18.1875
557,2025-05-20,GBP,23.5287
558,2025-05-20,EUR,20.4983
559,2025-05-20,AUD,11.788
560,2025-05-21,USD,18.2676
561,2025-05-21,GBP,23.1605
562,2025-05-21,EUR,20.9766
563,2025-05-21,AUD,11.7356
564,2025-05-22,USD,18.1734
565,2025-05-22,GBP,23.2356
566,2025-05-22,EUR,21.1147
567,2025-05-22,AUD,11.9447
568,2025-05-23,USD,18.3999
569,2025-05-23,GBP,23.4371
570,2025-05-23,EUR,20.6773
571,2025-05-23,AUD,11.7209
572,2025-05-24,USD,18.3845
573,2025-05-24,GBP,23.4598
574,2025-05-24,EUR,20.863
575,2025-05-24,AUD,11.8174
576,2025-05-25,USD,18.3982
577,2025-05-25,GBP,23.3835
578,2025-05-25,EUR,21.1684
579,2025-05-25,AUD,11.7365
580,2025-05-26,USD,18.2814
581,2025-05-26,GBP,23.6107
582,2025-05-26,EUR,20.7482
583,2025-05-26,AUD,11.7694
584,2025-05-27,USD,18.2425
585,2025-05-27,GBP,23.4648
586,2025-05-27,EUR,21.0036
587,2025-05-27,AUD,11.7866
588,2025-05-28,USD,18.3036
589,2025-05-28,GBP,23.2779
590,2025-05-28,EUR,20.6738
591,2025-05-28,AUD,11.7581
592,2025-05-29,USD,17.7849
593,2025-05-29,GBP,23.2254
594,2025-05-29,EUR,20.7194
595,2025-05-29,AUD,11.8342
596,2025-05-30,USD,18.2513
597,2025-05-30,GBP,23.1157
598,2025-05-30,EUR,20.9083
599,2025-05-30,AUD,11.7637
600,2025-05-31,USD,18.1884
601,2025-05-31,GBP,23.4629
602,2025-05-31,EUR,20.9627
603,2025-05-31,AUD,11.7814
604,2025-06-01,USD,18.272
605,2025-06-01,GBP,23.32
606,2025-06-01,EUR,21.0828
607,2025-06-01,AUD,11.8651
608,2025-06-02,USD,18.1104
609,2025-06-02,GBP,23.3338
610,2025-06-02,EUR,20.8582
611,2025-06-02,AUD,11.7065
612,2025-06-03,USD,18.0677
613,2025-06-03,GBP,23.1849
614,2025-06-03,EUR,20.827
615,2025-06-03,AUD,11.8665
616,2025-06-04,USD,18.1134
617,2025-06-04,GBP,23.3996
618,2025-06-04,EUR,20.9868
619,2025-06-04,AUD,11.7829
620,2025-06-05,USD,18.2259
621,2025-06-05,GBP,23.3782
622,2025-06-05,EUR,21.2581
623,2025-06-05,AUD,11.8694
624,2025-06-06,USD,18.4198
625,2025-06-06,GBP,22.9634
626,2025-06-06,EUR,21.0049
627,2025-06-06,AUD,11.6805
628,2025-06-07,USD,18.3773
629,2025-06-07,GBP,23.4024
630,2025-06-07,EUR,21.0746
631,2025-06-07,AUD,11.7602
632,2025-06-08,USD,18.157
633,2025-06-08,GBP,23.2819
634,2025-06-08,EUR,20.7831
635,2025-06-08,AUD,11.7621
636,2025-06-09,USD,17.7933
637,2025-06-09,GBP,23.3476
638,2025-06-09,EUR,20.7469
639,2025-06-09,AUD,11.7038
640,2025-06-10,USD,18.1784
641,2025-06-10,GBP,23.302
642,2025-06-10,EUR,20.9282
643,2025-06-10,AUD,11.7296
644,2025-06-11,USD,18.2174
645,2025-06-11,GBP,23.5011
646,2025-06-11,EUR,21.1503
647,2025-06-11,AUD,11.7878
648,2025-06-12,USD,18.2925
649,2025-06-12,GBP,23.9023
650,2025-06-12,EUR,20.9044
651,2025-06-12,AUD,11.8877
652,2025-06-13,USD,18.465
653,2025-06-13,GBP,23.2365
654,2025-06-13,EUR,20.7098
655,2025-06-13,AUD,11.7291
656,2025-06-14,USD,18.1952
657,2025-06-14,GBP,23.5442
658,2025-06-14,EUR,20.7682
659,2025-06-14,AUD,11.7423
660,2025-06-15,USD,18.3427
661,2025-06-15,GBP,23.2422
662,2025-06-15,EUR,20.5403
663,2025-06-15,AUD,11.612
664,2025-06-16,USD,18.1665
665,2025-06-16,GBP,23.2294
666,2025-06-16,EUR,21.1258
667,2025-06-16,AUD,11.7811
668,2025-06-17,USD,17.9254
669,2025-06-17,GBP,23.3872
670,2025-06-17,EUR,20.8608
671,2025-06-17,AUD,11.7694
672,2025-06-18,USD,18.3497
673,2025-06-18,GBP,23.6859
674,2025-06-18,EUR,20.9185
675,2025-06-18,AUD,11.7401
676,2025-06-19,USD,18.2218
677,2025-06-19,GBP,23.1987
678,2025-06-19,EUR,20.8922
679,2025-06-19,AUD,11.6595
680,2025-06-20,USD,18.2393
681,2025-06-20,GBP,23.3179
682,2025-06-20,EUR,21.0183
683,2025-06-20,AUD,11.9067
684,2025-06-21,USD,18.2967
685,2025-06-21,GBP,23.387
686,2025-06-21,EUR,21.1504
687,2025-06-21,AUD,11.784
688,2025-06-22,USD,18.2162
689,2025-06-22,GBP,23.582
690,2025-06-22,EUR,20.5935
691,2025-06-22,AUD,11.7896
692,2025-06-23,USD,18.2977
693,2025-06-23,GBP,23.063
694,2025-06-23,EUR,21.0433
695,2025-06-23,AUD,12.0117
696,2025-06-24,USD,18.187
697,2025-06-24,GBP,23.1721
698,2025-06-24,EUR,21.044
699,2025-06-24,AUD,11.6762
700,2025-06-25,USD,18.106
701,2025-06-25,GBP,23.1524
702,2025-06-25,EUR,20.7273
703,2025-06-25,AUD,11.7531
704,2025-06-26,USD,18.1247
705,2025-06-26,GBP,23.5759
706,2025-06-26,EUR,21.0579
707,2025-06-26,AUD,11.7758
708,2025-06-27,USD,18.2897
709,2025-06-27,GBP,23.7845
710,2025-06-27,EUR,20.8588
711,2025-06-27,AUD,11.7791
712,2025-06-28,USD,18.0447
713,2025-06-28,GBP,23.6476
714,2025-06-28,EUR,20.8613
715,2025-06-28,AUD,11.7929
716,2025-06-29,USD,17.9454
717,2025-06-29,GBP,23.7142
718,2025-06-29,EUR,20.8144
719,2025-06-29,AUD,11.7607
720,2025-06-30,USD,18.0994
721,2025-06-30,GBP,23.6852
722,2025-06-30,EUR,20.7712
723,2025-06-30,AUD,11.6187
724,2025-07-01,USD,18.1679
725,2025-07-01,GBP,23.3734
726,2025-07-01,EUR,20.8591
727,2025-07-01,AUD,11.8705
728,2025-07-02,USD,18.3062
729,2025-07-02,GBP,23.0734
730,2025-07-02,EUR,20.9901
731,2025-07-02,AUD,11.8429
732,2025-07-03,USD,17.9712
733,2025-07-03,GBP,23.6993
734,2025-07-03,EUR,21.3384
735,2025-07-03,AUD,11.8621
736,2025-07-04,USD,18.1534
737,2025-07-04,GBP,23.5357
738,2025-07-04,EUR,20.836
739,2025-07-04,AUD,11.8994
740,2025-07-05,USD,18.1172
741,2025-07-05,GBP,23.237
742,2025-07-05,EUR,20.7678
743,2025-07-05,AUD,11.8929
744,2025-07-06,USD,18.432
745,2025-07-06,GBP,23.3607
746,2025-07-06,EUR,20.9289
747,2025-07-06,AUD,11.6688
748,2025-07-07,USD,18.0743
749,2025-07-07,GBP,23.268
750,2025-07-07,EUR,20.4773
751,2025-07-07,AUD,11.8599
752,2025-07-08,USD,18.1911
753,2025-07-08,GBP,23.4169
754,2025-07-08,EUR,21.0733
755,2025-07-08,AUD,11.6143
756,2025-07-09,USD,18.5464
757,2025-07-09,GBP,23.2017
758,2025-07-09,EUR,20.7272
759,2025-07-09,AUD,11.8583
760,2025-07-10,USD,18.2438
761,2025-07-10,GBP,23.3119
762,2025-07-10,EUR,20.7653
763,2025-07-10,AUD,11.8046
764,2025-07-11,USD,18.4381
765,2025-07-11,GBP,23.5199
766,2025-07-11,EUR,20.795
767,2025-07-11,AUD,11.9011
768,2025-07-12,USD,18.2033
769,2025-07-12,GBP,23.3986
770,2025-07-12,EUR,20.9357
771,2025-07-12,AUD,11.74
772,2025-07-13,USD,18.1802
773,2025-07-13,GBP,23.4278
774,2025-07-13,EUR,21.05
775,2025-07-13,AUD,11.7666
776,2025-07-14,USD,18.2338
777,2025-07-14,GBP,23.3335
778,2025-07-14,EUR,21.1135
779,2025-07-14,AUD,11.6938
780,2025-07-15,USD,17.9464
781,2025-07-15,GBP,23.4481
782,2025-07-15,EUR,20.9579
783,2025-07-15,AUD,11.8978
784,2025-07-16,USD,18.3784
785,2025-07-16,GBP,23.6953
786,2025-07-16,EUR,20.8443
787,2025-07-16,AUD,11.8347
788,2025-07-17,USD,18.2322
789,2025-07-17,GBP,23.7877
790,2025-07-17,EUR,20.9573
791,2025-07-17,AUD,11.9127
792,2025-07-18,USD,18.2005
793,2025-07-18,GBP,23.6083
794,2025-07-18,EUR,20.9017
795,2025-07-18,AUD,11.614
796,2025-07-19,USD,18.1563
797,2025-07-19,GBP,23.4849
798,2025-07-19,EUR,21.0016
799,2025-07-19,AUD,11.8047
800,2025-07-20,USD,18.1629
801,2025-07-20,GBP,23.3354
802,2025-07-20,EUR,20.8214
803,2025-07-20,AUD,11.7655
804,2025-07-21,USD,18.3313
805,2025-07-21,GBP,23.3567
806,2025-07-21,EUR,21.0468
807,2025-07-21,AUD,11.816
808,2025-07-22,USD,18.1967
809,2025-07-22,GBP,23.3961
810,2025-07-22,EUR,21.2682
811,2025-07-22,AUD,11.8412
812,2025-07-23,USD,18.3076
813,2025-07-23,GBP,23.3353
814,2025-07-23,EUR,20.9641
815,2025-07-23,AUD,11.9178
816,2025-07-24,USD,18.3259
817,2025-07-24,GBP,23.2976
818,2025-07-24,EUR,20.9629
819,2025-07-24,AUD,11.725
820,2025-07-25,USD,18.1497
821,2025-07-25,GBP,23.461
822,2025-07-25,EUR,21.141
823,2025-07-25,AUD,11.8429
824,2025-07-26,USD,17.9829
825,2025-07-26,GBP,23.3788
826,2025-07-26,EUR,20.9967
827,2025-07-26,AUD,11.7486
828,2025-07-27,USD,18.4802
829,2025-07-27,GBP,23.229
830,2025-07-27,EUR,20.8104
831,2025-07-27,AUD,11.6706
832,2025-07-28,USD,18.3303
833,2025-07-28,GBP,23.4708
834,2025-07-28,EUR,20.7971
835,2025-07-28,AUD,11.8081
836,2025-07-29,USD,18.1826
837,2025-07-29,GBP,23.6163
838,2025-07-29,EUR,20.8915
839,2025-07-29,AUD,11.9085
840,2025-07-30,USD,18.2571
841,2025-07-30,GBP,23.4984
842,2025-07-30,EUR,21.0563
843,2025-07-30,AUD,11.7947
844,2025-07-31,USD,18.2703
845,2025-07-31,GBP,22.9527
846,2025-07-31,EUR,20.9658
847,2025-07-31,AUD,11.7103
848,2025-08-01,USD,18.142
849,2025-08-01,GBP,23.51
850,2025-08-01,EUR,20.7439
851,2025-08-01,AUD,11.8417
852,2025-08-02,USD,18.3458
853,2025-08-02,GBP,23.044
854,2025-08-02,EUR,21.1357
855,2025-08-02,AUD,11.8928
856,2025-08-03,USD,18.1898
857,2025-08-03,GBP,23.2796
858,2025-08-03,EUR,21.226
859,2025-08-03,AUD,11.8252
860,2025-08-04,USD,18.0616
861,2025-08-04,GBP,23.5563
862,2025-08-04,EUR,20.9027
863,2025-08-04,AUD,11.9249
864,2025-08-05,USD,18.1612
865,2025-08-05,GBP,23.8644
866,2025-08-05,EUR,21.0221
867,2025-08-05,AUD,11.5609
868,2025-08-06,USD,18.3797
869,2025-08-06,GBP,23.1396
870,2025-08-06,EUR,20.8791
871,2025-08-06,AUD,11.8588
872,2025-08-07,USD,18.2122
873,2025-08-07,GBP,23.36
874,2025-08-07,EUR,20.9494
875,2025-08-07,AUD,11.8351
876,2025-08-08,USD,18.1509
877,2025-08-08,GBP,23.4059
878,2025-08-08,EUR,21.0088
879,2025-08-08,AUD,11.8198
880,2025-08-09,USD,18.1169
881,2025-08-09,GBP,23.4578
882,2025-08-09,EUR,20.9634
883,2025-08-09,AUD,11.7093
884,2025-08-10,USD,18.3146
885,2025-08-10,GBP,23.3905
886,2025-08-10,EUR,20.9436
887,2025-08-10,AUD,11.7085
888,2025-08-11,USD,18.3834
889,2025-08-11,GBP,23.4264
890,2025-08-11,EUR,20.7174
891,2025-08-11,AUD,11.7799
892,2025-08-12,USD,18.2343
893,2025-08-12,GBP,23.9774
894,2025-08-12,EUR,20.9509
895,2025-08-12,AUD,11.8262
896,2025-08-13,USD,18.2991
897,2025-08-13,GBP,23.3318
898,2025-08-13,EUR,20.9395
899,2025-08-13,AUD,11.8466
900,2025-08-14,USD,18.12
901,2025-08-14,GBP,23.6129
902,2025-08-14,EUR,20.9789
903,2025-08-14,AUD,11.7875
904,2025-08-15,USD,18.347
905,2025-08-15,GBP,23.4
906,2025-08-15,EUR,21.2526
907,2025-08-15,AUD,11.8331
908,2025-08-16,USD,18.2652
909,2025-08-16,GBP,23.3963
910,2025-08-16,EUR,20.8582
911,2025-08-16,AUD,11.9104
912,2025-08-17,USD,18.2874
913,2025-08-17,GBP,23.19
914,2025-08-17,EUR,20.8887
915,2025-08-17,AUD,11.7024
916,2025-08-18,USD,18.2791
917,2025-08-18,GBP,23.3245
918,2025-08-18,EUR,20.7584
919,2025-08-18,AUD,11.7839
920,2025-08-19,USD,18.256
921,2025-08-19,GBP,23.5307
922,2025-08-19,EUR,21.2942
923,2025-08-19,AUD,11.7577
924,2025-08-20,USD,18.1094
925,2025-08-20,GBP,23.5049
926,2025-08-20,EUR,20.8802
927,2025-08-20,AUD,11.7366
928,2025-08-21,USD,18.1793
929,2025-08-21,GBP,23.4969
930,2025-08-21,EUR,20.9169
931,2025-08-21,AUD,11.6931
932,2025-08-22,USD,18.0927
933,2025-08-22,GBP,23.5707
934,2025-08-22,EUR,20.5733
935,2025-08-22,AUD,11.8325
936,2025-08-23,USD,18.3189
937,2025-08-23,GBP,23.3484
938,2025-08-23,EUR,20.7595
939,2025-08-23,AUD,11.9023
940,2025-08-24,USD,18.321
941,2025-08-24,GBP,23.6801
942,2025-08-24,EUR,20.784
943,2025-08-24,AUD,11.8147
944,2025-08-25,USD,18.3745
945,2025-08-25,GBP,23.1934
946,2025-08-25,EUR,20.9686
947,2025-08-25,AUD,11.8289
948,2025-08-26,USD,18.5261
949,2025-08-26,GBP,23.397
950,2025-08-26,EUR,20.8614
951,2025-08-26,AUD,11.788
952,2025-08-27,USD,18.1441
953,2025-08-27,GBP,23.2746
954,2025-08-27,EUR,20.6358
955,2025-08-27,AUD,11.6993
956,2025-08-28,USD,18.2759
957,2025-08-28,GBP,23.1644
958,2025-08-28,EUR,21.087
959,2025-08-28,AUD,12.0279
960,2025-08-29,USD,18.1612
961,2025-08-29,GBP,23.492
962,2025-08-29,EUR,21.3407
963,2025-08-29,AUD,11.81
964,2025-08-30,USD,18.1846
965,2025-08-30,GBP,23.3522
966,2025-08-30,EUR,20.7714
967,2025-08-30,AUD,11.8034
968,2025-08-31,USD,18.2424
969,2025-08-31,GBP,23.5135
970,2025-08-31,EUR,20.8053
971,2025-08-31,AUD,11.9315
972,2025-09-01,USD,18.2864
973,2025-09-01,GBP,23.4126
974,2025-09-01,EUR,21.0376
975,2025-09-01,AUD,11.9166
976,2025-09-02,USD,18.1759
977,2025-09-02,GBP,23.1288
978,2025-09-02,EUR,20.8374
979,2025-09-02,AUD,11.7495
980,2025-09-03,USD,18.0593
981,2025-09-03,GBP,23.335
982,2025-09-03,EUR,21.0555
983,2025-09-03,AUD,11.8333
984,2025-09-04,USD,18.2587
985,2025-09-04,GBP,23.1253
986,2025-09-04,EUR,20.9068
987,2025-09-04,AUD,11.7987
988,2025-09-05,USD,18.2109
989,2025-09-05,GBP,23.2701
990,2025-09-05,EUR,21.1236
991,2025-09-05,AUD,11.8856
992,2025-09-06,USD,18.1741
993,2025-09-06,GBP,23.2509
994,2025-09-06,EUR,20.9433
995,2025-09-06,AUD,11.8953
996,2025-09-07,USD,18.2742
997,2025-09-07,GBP,23.3276
998,2025-09-07,EUR,20.684
999,2025-09-07,AUD,11.6909
1000,2025-09-08,USD,18.2844
1001,2025-09-08,GBP,23.6526
1002,2025-09-08,EUR,21.0189
1003,2025-09-08,AUD,11.7235
1004,2025-09-09,USD,18.2373
1005,2025-09-09,GBP,23.4249
1006,2025-09-09,EUR,20.8745
1007,2025-09-09,AUD,11.7578
1008,2025-09-10,USD,18.2117
1009,2025-09-10,GBP,23.0906
1010,2025-09-10,EUR,20.9872
1011,2025-09-10,AUD,11.6362
1012,2025-09-11,USD,18.2936
1013,2025-09-11,GBP,23.3768
1014,2025-09-11,EUR,20.8268
1015,2025-09-11,AUD,11.7984
1016,2025-09-12,USD,18.0919
1017,2025-09-12,GBP,23.3565
1018,2025-09-12,EUR,20.6788
1019,2025-09-12,AUD,11.9227
1020,2025-09-13,USD,18.2108
1021,2025-09-13,GBP,23.6839
1022,2025-09-13,EUR,20.8253
1023,2025-09-13,AUD,11.7771
1024,2025-09-14,USD,17.6838
1025,2025-09-14,GBP,23.2871
1026,2025-09-14,EUR,20.9998
1027,2025-09-14,AUD,11.7342
1028,2025-09-15,USD,18.2581
1029,2025-09-15,GBP,23.5447
1030,2025-09-15,EUR,20.6173
1031,2025-09-15,AUD,11.6669
1032,2025-09-16,USD,17.9468
1033,2025-09-16,GBP,23.3469
1034,2025-09-16,EUR,21.0234
1035,2025-09-16,AUD,11.8768
1036,2025-09-17,USD,18.2851
1037,2025-09-17,GBP,23.3808
1038,2025-09-17,EUR,21.0445
1039,2025-09-17,AUD,11.7312
1040,2025-09-18,USD,18.1693
1041,2025-09-18,GBP,23.4471
1042,2025-09-18,EUR,20.3918
1043,2025-09-18,AUD,11.759
1044,2025-09-19,USD,18.2623
1045,2025-09-19,GBP,23.4167
1046,2025-09-19,EUR,21.2679
1047,2025-09-19,AUD,11.6259
1048,2025-09-20,USD,18.0817
1049,2025-09-20,GBP,23.5063
1050,2025-09-20,EUR,20.6133
1051,2025-09-20,AUD,11.7103
1052,2025-09-21,USD,18.1623
1053,2025-09-21,GBP,23.3158
1054,2025-09-21,EUR,21.2203
1055,2025-09-21,AUD,11.9584
1056,2025-09-22,USD,18.495
1057,2025-09-22,GBP,23.5049
1058,2025-09-22,EUR,20.6335
1059,2025-09-22,AUD,11.9013
1060,2025-09-23,USD,18.2382
1061,2025-09-23,GBP,23.6864
1062,2025-09-23,EUR,20.7216
1063,2025-09-23,AUD,11.7895
1064,2025-09-24,USD,18.3088
1065,2025-09-24,GBP,23.569
1066,2025-09-24,EUR,20.9447
1067,2025-09-24,AUD,11.9559
1068,2025-09-25,USD,17.9769
1069,2025-09-25,GBP,23.1767
1070,2025-09-25,EUR,20.7794
1071,2025-09-25,AUD,11.7977
1072,2025-09-26,USD,18.344
1073,2025-09-26,GBP,23.2404
1074,2025-09-26,EUR,20.8359
1075,2025-09-26,AUD,11.7109
1076,2025-09-27,USD,18.4424
1077,2025-09-27,GBP,23.416
1078,2025-09-27,EUR,20.9223
1079,2025-09-27,AUD,11.8204
1080,2025-09-28,USD,18.1176
1081,2025-09-28,GBP,23.2584
1082,2025-09-28,EUR,21.0214
1083,2025-09-28,AUD,11.7712
1084,2025-09-29,USD,18.2255
1085,2025-09-29,GBP,23.2334
1086,2025-09-29,EUR,20.6251
1087,2025-09-29,AUD,11.8195
1088,2025-09-30,USD,18.3982
1089,2025-09-30,GBP,23.3914
1090,2025-09-30,EUR,20.9898
1091,2025-09-30,AUD,11.8132
1092,2025-10-01,USD,18.1218
1093,2025-10-01,GBP,23.1953
1094,2025-10-01,EUR,20.731
1095,2025-10-01,AUD,11.7055
1096,2025-10-02,USD,18.0113
1097,2025-10-02,GBP,23.5205
1098,2025-10-02,EUR,20.7741
1099,2025-10-02,AUD,11.7322
1100,2025-10-03,USD,18.0742
1101,2025-10-03,GBP,23.5699
1102,2025-10-03,EUR,20.7883
1103,2025-10-03,AUD,11.7624
1104,2025-10-04,USD,18.2135
1105,2025-10-04,GBP,23.2445
1106,2025-10-04,EUR,20.7146
1107,2025-10-04,AUD,11.6539
1108,2025-10-05,USD,18.2139
1109,2025-10-05,GBP,23.3789
1110,2025-10-05,EUR,20.6686
1111,2025-10-05,AUD,11.699
1112,2025-10-06,USD,18.1096
1113,2025-10-06,GBP,23.2139
1114,2025-10-06,EUR,20.7503
1115,2025-10-06,AUD,11.8134
1116,2025-10-07,USD,18.1666
1117,2025-10-07,GBP,23.4091
1118,2025-10-07,EUR,21.0588
1119,2025-10-07,AUD,11.8526
1120,2025-10-08,USD,18.3902
1121,2025-10-08,GBP,23.2456
1122,2025-10-08,EUR,21.013
1123,2025-10-08,AUD,11.7893
1124,2025-10-09,USD,18.2761
1125,2025-10-09,GBP,23.1234
1126,2025-10-09,EUR,20.5988
1127,2025-10-09,AUD,11.7261
1128,2025-10-10,USD,18.2202
1129,2025-10-10,GBP,23.1764
1130,2025-10-10,EUR,21.0377
1131,2025-10-10,AUD,11.7447
1132,2025-10-11,USD,18.2983
1133,2025-10-11,GBP,23.4265
1134,2025-10-11,EUR,21.1615
1135,2025-10-11,AUD,11.6612
1136,2025-10-12,USD,18.2608
1137,2025-10-12,GBP,23.423
1138,2025-10-12,EUR,20.8566
1139,2025-10-12,AUD,11.8526
1140,2025-10-13,USD,18.1808
1141,2025-10-13,GBP,23.8809
1142,2025-10-13,EUR,21.0275
1143,2025-10-13,AUD,11.7729
1144,2025-10-14,USD,18.2986
1145,2025-10-14,GBP,23.2673
1146,2025-10-14,EUR,20.6122
1147,2025-10-14,AUD,11.8175
1148,2025-10-15,USD,18.2295
1149,2025-10-15,GBP,23.2826
1150,2025-10-15,EUR,20.9002
1151,2025-10-15,AUD,11.7511
1152,2025-10-16,USD,18.0769
1153,2025-10-16,GBP,23.5731
1154,2025-10-16,EUR,20.967
1155,2025-10-16,AUD,11.9078
1156,2025-10-17,USD,18.2852
1157,2025-10-17,GBP,23.3745
1158,2025-10-17,EUR,20.985
1159,2025-10-17,AUD,11.8266
1160,2025-10-18,USD,18.4133
1161,2025-10-18,GBP,23.349
1162,2025-10-18,EUR,20.7962
1163,2025-10-18,AUD,11.8589
1164,2025-10-19,USD,17.8292
1165,2025-10-19,GBP,23.1263
1166,2025-10-19,EUR,21.0379
1167,2025-10-19,AUD,11.9401
1168,2025-10-20,USD,18.1554
1169,2025-10-20,GBP,23.1385
1170,2025-10-20,EUR,21.1927
1171,2025-10-20,AUD,11.9021
1172,2025-10-21,USD,18.2509
1173,2025-10-21,GBP,23.3656
1174,2025-10-21,EUR,21.0778
1175,2025-10-21,AUD,11.977
1176,2025-10-22,USD,18.1602
1177,2025-10-22,GBP,23.4213
1178,2025-10-22,EUR,21.1529
1179,2025-10-22,AUD,11.7924
1180,2025-10-23,USD,18.025
1181,2025-10-23,GBP,23.1302
1182,2025-10-23,EUR,20.8463
1183,2025-10-23,AUD,11.7293
1184,2025-10-24,USD,18.0145
1185,2025-10-24,GBP,23.7042
1186,2025-10-24,EUR,20.7692
1187,2025-10-24,AUD,11.8134
1188,2025-10-25,USD,18.0532
1189,2025-10-25,GBP,23.4243
1190,2025-10-25,EUR,20.9041
1191,2025-10-25,AUD,11.8052
1192,2025-10-26,USD,18.1311
1193,2025-10-26,GBP,23.7326
1194,2025-10-26,EUR,21.0803
1195,2025-10-26,AUD,11.7944
1196,2025-10-27,USD,17.8859
1197,2025-10-27,GBP,23.163
1198,2025-10-27,EUR,21.1895
1199,2025-10-27,AUD,11.8809
1200,2025-10-28,USD,18.4859
1201,2025-10-28,GBP,23.2317
1202,2025-10-28,EUR,21.2227
1203,2025-10-28,AUD,11.6897
1204,2025-10-29,USD,18.2918
1205,2025-10-29,GBP,23.0978
1206,2025-10-29,EUR,21.0607
1207,2025-10-29,AUD,11.7799
1208,2025-10-30,USD,17.992
1209,2025-10-30,GBP,23.3552
1210,2025-10-30,EUR,20.7715
1211,2025-10-30,AUD,11.7473
1212,2025-10-31,USD,18.2047
1213,2025-10-31,GBP,23.4879
1214,2025-10-31,EUR,20.8334
1215,2025-10-31,AUD,11.9407
1216,2025-11-01,USD,18.1253
1217,2025-11-01,GBP,23.2688
1218,2025-11-01,EUR,20.9652
1219,2025-11-01,AUD,11.7361
1220,2025-11-02,USD,18.0272
1221,2025-11-02,GBP,23.6332
1222,2025-11-02,EUR,20.9577
1223,2025-11-02,AUD,11.7056
1224,2025-11-03,USD,18.305
1225,2025-11-03,GBP,23.413
1226,2025-11-03,EUR,20.9922
1227,2025-11-03,AUD,11.687
1228,2025-11-04,USD,18.3497
1229,2025-11-04,GBP,23.2976
1230,2025-11-04,EUR,20.9214
1231,2025-11-04,AUD,11.8694
1232,2025-11-05,USD,18.364
1233,2025-11-05,GBP,23.5004
1234,2025-11-05,EUR,20.8503
1235,2025-11-05,AUD,11.7208
1236,2025-11-06,USD,18.2931
1237,2025-11-06,GBP,23.4861
1238,2025-11-06,EUR,20.8181
1239,2025-11-06,AUD,11.8302
1240,2025-11-07,USD,18.0393
1241,2025-11-07,GBP,23.5755
1242,2025-11-07,EUR,20.6871
1243,2025-11-07,AUD,11.7912
1244,2025-11-08,USD,18.2098
1245,2025-11-08,GBP,23.52
1246,2025-11-08,EUR,20.7654
1247,2025-11-08,AUD,11.8429
1248,2025-11-09,USD,18.2741
1249,2025-11-09,GBP,23.305
1250,2025-11-09,EUR,21.0763
1251,2025-11-09,AUD,11.8744
1252,2025-11-10,USD,18.1404
1253,2025-11-10,GBP,23.1109
1254,2025-11-10,EUR,20.916
1255,2025-11-10,AUD,11.7725
1256,2025-11-11,USD,18.159
1257,2025-11-11,GBP,23.2862
1258,2025-11-11,EUR,20.6756
1259,2025-11-11,AUD,11.6843
1260,2025-11-12,USD,18.0714
1261,2025-11-12,GBP,23.3291
1262,2025-11-12,EUR,20.7801
1263,2025-11-12,AUD,11.719
1264,2025-11-13,USD,18.4045
1265,2025-11-13,GBP,23.0259
1266,2025-11-13,EUR,20.9656
1267,2025-11-13,AUD,11.7351
1268,2025-11-14,USD,18.1883
1269,2025-11-14,GBP,23.4096
1270,2025-11-14,EUR,20.8939
1271,2025-11-14,AUD,11.65
1272,2025-11-15,USD,18.0846
1273,2025-11-15,GBP,23.1596
1274,2025-11-15,EUR,20.8799
1275,2025-11-15,AUD,11.7513
1276,2025-11-16,USD,18.3333
1277,2025-11-16,GBP,22.7062
1278,2025-11-16,EUR,21.1188
1279,2025-11-16,AUD,11.9218
1280,2025-11-17,USD,17.9424
1281,2025-11-17,GBP,23.4209
1282,2025-11-17,EUR,20.7202
1283,2025-11-17,AUD,11.8787
1284,2025-11-18,USD,18.217
1285,2025-11-18,GBP,23.482
1286,2025-11-18,EUR,20.8165
1287,2025-11-18,AUD,11.8321
1288,2025-11-19,USD,18.1696
1289,2025-11-19,GBP,23.398
1290,2025-11-19,EUR,21.043
1291,2025-11-19,AUD,11.886
1292,2025-11-20,USD,18.2518
1293,2025-11-20,GBP,23.503
1294,2025-11-20,EUR,20.7304
1295,2025-11-20,AUD,11.7748
1296,2025-11-21,USD,18.2642
1297,2025-11-21,GBP,23.0879
1298,2025-11-21,EUR,21.062
1299,2025-11-21,AUD,11.8736
1300,2025-11-22,USD,17.9608
1301,2025-11-22,GBP,23.2748
1302,2025-11-22,EUR,20.9777
1303,2025-11-22,AUD,11.9605
1304,2025-11-23,USD,18.3308
1305,2025-11-23,GBP,23.5922
1306,2025-11-23,EUR,20.9269
1307,2025-11-23,AUD,11.8857
1308,2025-11-24,USD,18.1446
1309,2025-11-24,GBP,23.5636
1310,2025-11-24,EUR,20.7547
1311,2025-11-24,AUD,11.7418
1312,2025-11-25,USD,18.2182
1313,2025-11-25,GBP,23.2152
1314,2025-11-25,EUR,20.7521
1315,2025-11-25,AUD,11.9079
1316,2025-11-26,USD,18.2247
1317,2025-11-26,GBP,23.4267
1318,2025-11-26,EUR,20.8896
1319,2025-11-26,AUD,11.6964
1320,2025-11-27,USD,18.1787
1321,2025-11-27,GBP,23.6634
1322,2025-11-27,EUR,20.978
1323,2025-11-27,AUD,11.6203
1324,2025-11-28,USD,18.033
1325,2025-11-28,GBP,23.2052
1326,2025-11-28,EUR,20.5996
1327,2025-11-28,AUD,11.7492
1328,2025-11-29,USD,18.4237
1329,2025-11-29,GBP,23.0809
1330,2025-11-29,EUR,20.8516
1331,2025-11-29,AUD,11.5451
1332,2025-11-30,USD,18.0433
1333,2025-11-30,GBP,23.3263
1334,2025-11-30,EUR,20.9336
1335,2025-11-30,AUD,11.757
1336,2025-12-01,USD,18.0507
1337,2025-12-01,GBP,23.154
1338,2025-12-01,EUR,21.045
1339,2025-12-01,AUD,11.9416
1340,2025-12-02,USD,18.2582
1341,2025-12-02,GBP,23.0466
1342,2025-12-02,EUR,20.6502
1343,2025-12-02,AUD,11.7428
1344,2025-12-03,USD,18.1362
1345,2025-12-03,GBP,23.4381
1346,2025-12-03,EUR,20.8894
1347,2025-12-03,AUD,11.9113
1348,2025-12-04,USD,18.5533
1349,2025-12-04,GBP,23.1933
1350,2025-12-04,EUR,21.0157
1351,2025-12-04,AUD,11.6564
1352,2025-12-05,USD,18.018
1353,2025-12-05,GBP,23.413
1354,2025-12-05,EUR,21.026
1355,2025-12-05,AUD,11.7409
1356,2025-12-06,USD,18.3238
1357,2025-12-06,GBP,23.6028
1358,2025-12-06,EUR,20.4471
1359,2025-12-06,AUD,11.747
1360,2025-12-07,USD,18.0174
1361,2025-12-07,GBP,23.1733
1362,2025-12-07,EUR,20.7297
1363,2025-12-07,AUD,11.8071
1364,2025-12-08,USD,18.0499
1365,2025-12-08,GBP,23.0619
1366,2025-12-08,EUR,20.9276
1367,2025-12-08,AUD,11.7663
1368,2025-12-09,USD,18.0549
1369,2025-12-09,GBP,23.7936
1370,2025-12-09,EUR,21.1396
1371,2025-12-09,AUD,11.7314
1372,2025-12-10,USD,17.9703
1373,2025-12-10,GBP,23.5588
1374,2025-12-10,EUR,20.9503
1375,2025-12-10,AUD,11.7594
1376,2025-12-11,USD,17.9888
1377,2025-12-11,GBP,23.4564
1378,2025-12-11,EUR,21.1406
1379,2025-12-11,AUD,11.8163
1380,2025-12-12,USD,17.8687
1381,2025-12-12,GBP,23.4034
1382,2025-12-12,EUR,20.9598
1383,2025-12-12,AUD,11.8746
1384,2025-12-13,USD,18.1716
1385,2025-12-13,GBP,23.6313
1386,2025-12-13,EUR,20.8402
1387,2025-12-13,AUD,11.7739
1388,2025-12-14,USD,17.885
1389,2025-12-14,GBP,23.225
1390,2025-12-14,EUR,20.8902
1391,2025-12-14,AUD,11.9438
1392,2025-12-15,USD,18.0182
1393,2025-12-15,GBP,23.5506
1394,2025-12-15,EUR,20.8717
1395,2025-12-15,AUD,11.78
1396,2025-12-16,USD,18.2962
1397,2025-12-16,GBP,23.2625
1398,2025-12-16,EUR,21.1286
1399,2025-12-16,AUD,11.9756
1400,2025-12-17,USD,17.9297
1401,2025-12-17,GBP,23.1876
1402,2025-12-17,EUR,21.022
1403,2025-12-17,AUD,11.7425
1404,2025-12-18,USD,18.0591
1405,2025-12-18,GBP,23.2986
1406,2025-12-18,EUR,20.9825
1407,2025-12-18,AUD,11.7023
1408,2025-12-19,USD,18.1049
1409,2025-12-19,GBP,23.4313
1410,2025-12-19,EUR,20.9391
1411,2025-12-19,AUD,11.85
1412,2025-12-20,USD,18.0111
1413,2025-12-20,GBP,23.2365
1414,2025-12-20,EUR,20.8019
1415,2025-12-20,AUD,11.8587
1416,2025-12-21,USD,18.3844
1417,2025-12-21,GBP,23.1612
1418,2025-12-21,EUR,21.3378
1419,2025-12-21,AUD,11.6561
1420,2025-12-22,USD,18.3882
1421,2025-12-22,GBP,23.1095
1422,2025-12-22,EUR,20.914
1423,2025-12-22,AUD,11.7873
1424,2025-12-23,USD,17.9911
1425,2025-12-23,GBP,23.3068
1426,2025-12-23,EUR,20.955
1427,2025-12-23,AUD,11.8419
1428,2025-12-24,USD,18.1657
1429,2025-12-24,GBP,23.7045
1430,2025-12-24,EUR,20.6383
1431,2025-12-24,AUD,11.7201
1432,2025-12-25,USD,18.3948
1433,2025-12-25,GBP,23.4179
1434,2025-12-25,EUR,21.0497
1435,2025-12-25,AUD,11.8903
1436,2025-12-26,USD,18.24
1437,2025-12-26,GBP,23.468
1438,2025-12-26,EUR,21.0045
1439,2025-12-26,AUD,11.8786
1440,2025-12-27,USD,18.3571
1441,2025-12-27,GBP,23.5436
1442,2025-12-27,EUR,21.209
1443,2025-12-27,AUD,11.8018
1444,2025-12-28,USD,18.2898
1445,2025-12-28,GBP,23.2193
1446,2025-12-28,EUR,20.8983
1447,2025-12-28,AUD,11.638
1448,2025-12-29,USD,18.386
1449,2025-12-29,GBP,23.3035
1450,2025-12-29,EUR,20.8439
1451,2025-12-29,AUD,11.6517
1452,2025-12-30,USD,18.3166
1453,2025-12-30,GBP,23.6354
1454,2025-12-30,EUR,20.9489
1455,2025-12-30,AUD,11.78
1456,2025-12-31,USD,18.2133
1457,2025-12-31,GBP,23.5554
1458,2025-12-31,EUR,20.571
1459,2025-12-31,AUD,11.9738
1460,2026-01-01,USD,18.1315
1461,2026-01-01,GBP,23.433
1462,2026-01-01,EUR,21.0552
1463,2026-01-01,AUD,11.5489
1464,2026-01-02,USD,18.1129
1465,2026-01-02,GBP,23.3501
1466,2026-01-02,EUR,21.2048
1467,2026-01-02,AUD,11.867
1468,2026-01-03,USD,18.1621
1469,2026-01-03,GBP,23.5548
1470,2026-01-03,EUR,21.1105
1471,2026-01-03,AUD,11.9286
1472,2026-01-04,USD,18.2191
1473,2026-01-04,GBP,22.9433
1474,2026-01-04,EUR,20.921
1475,2026-01-04,AUD,11.7763
1476,2026-01-05,USD,18.1853
1477,2026-01-05,GBP,23.2922
1478,2026-01-05,EUR,20.9843
1479,2026-01-05,AUD,11.9373
1480,2026-01-06,USD,18.0527
1481,2026-01-06,GBP,23.6971
1482,2026-01-06,EUR,20.5829
1483,2026-01-06,AUD,11.8555
1484,2026-01-07,USD,18.1351
1485,2026-01-07,GBP,23.4733
1486,2026-01-07,EUR,20.5153
1487,2026-01-07,AUD,11.8698
1488,2026-01-08,USD,18.3457
1489,2026-01-08,GBP,23.5691
1490,2026-01-08,EUR,20.8204
1491,2026-01-08,AUD,11.9325
1492,2026-01-09,USD,18.1587
1493,2026-01-09,GBP,23.3584
1494,2026-01-09,EUR,20.8906
1495,2026-01-09,AUD,11.9878
1496,2026-01-10,USD,18.2556
1497,2026-01-10,GBP,23.5903
1498,2026-01-10,EUR,21.1692
1499,2026-01-10,AUD,11.6087
1500,2026-01-11,USD,18.0785
1501,2026-01-11,GBP,23.5729
1502,2026-01-11,EUR,21.0596
1503,2026-01-11,AUD,11.8245
1504,2026-01-12,USD,18.2907
1505,2026-01-12,GBP,23.3121
1506,2026-01-12,EUR,21.0998
1507,2026-01-12,AUD,11.877
1508,2026-01-13,USD,18.229
1509,2026-01-13,GBP,23.1952
1510,2026-01-13,EUR,20.926
1511,2026-01-13,AUD,11.8719
1512,2026-01-14,USD,18.1367
1513,2026-01-14,GBP,23.5604
1514,2026-01-14,EUR,20.7638
1515,2026-01-14,AUD,11.7731
1516,2026-01-15,USD,18.1105
1517,2026-01-15,GBP,23.2768
1518,2026-01-15,EUR,21.1666
1519,2026-01-15,AUD,11.7418
1520,2026-01-16,USD,18.2646
1521,2026-01-16,GBP,23.4232
1522,2026-01-16,EUR,20.8001
1523,2026-01-16,AUD,11.8338
1524,2026-01-17,USD,18.4112
1525,2026-01-17,GBP,23.2045
1526,2026-01-17,EUR,20.8015
1527,2026-01-17,AUD,11.8262
1528,2026-01-18,USD,18.1475
1529,2026-01-18,GBP,23.5177
1530,2026-01-18,EUR,21.136
1531,2026-01-18,AUD,11.8191
1532,2026-01-19,USD,18.414
1533,2026-01-19,GBP,23.5221
1534,2026-01-19,EUR,20.8635
1535,2026-01-19,AUD,11.9151
1536,2026-01-20,USD,18.1367
1537,2026-01-20,GBP,23.2044
1538,2026-01-20,EUR,20.9682
1539,2026-01-20,AUD,11.7899
1540,2026-01-21,USD,18.2251
1541,2026-01-21,GBP,23.3845
1542,2026-01-21,EUR,20.903
1543,2026-01-21,AUD,11.7707
1544,2026-01-22,USD,18.2452
1545,2026-01-22,GBP,23.7868
1546,2026-01-22,EUR,21.0033
1547,2026-01-22,AUD,11.857
1548,2026-01-23,USD,18.3807
1549,2026-01-23,GBP,23.3623
1550,2026-01-23,EUR,20.8502
1551,2026-01-23,AUD,11.8068
1552,2026-01-24,USD,18.5229
1553,2026-01-24,GBP,23.5223
1554,2026-01-24,EUR,20.9195
1555,2026-01-24,AUD,11.5443
1556,2026-01-25,USD,18.0648
1557,2026-01-25,GBP,23.2981
1558,2026-01-25,EUR,21.2717
1559,2026-01-25,AUD,11.74
1560,2026-01-26,USD,18.2999
1561,2026-01-26,GBP,23.4628
1562,2026-01-26,EUR,21.0382
1563,2026-01-26,AUD,11.7083
1564,2026-01-27,USD,18.4744
1565,2026-01-27,GBP,23.2969
1566,2026-01-27,EUR,21.1022
1567,2026-01-27,AUD,11.929
1568,2026-01-28,USD,18.145
1569,2026-01-28,GBP,23.2462
1570,2026-01-28,EUR,20.8435
1571,2026-01-28,AUD,11.9043
1572,2026-01-29,USD,18.3148
1573,2026-01-29,GBP,23.3635
1574,2026-01-29,EUR,20.8758
1575,2026-01-29,AUD,11.8119
1576,2026-01-30,USD,18.1877
1577,2026-01-30,GBP,23.5382
1578,2026-01-30,EUR,20.9828
1579,2026-01-30,AUD,11.618
1580,2026-01-31,USD,18.0088
1581,2026-01-31,GBP,23.206
1582,2026-01-31,EUR,20.8352
1583,2026-01-31,AUD,11.8824
1584,2026-02-01,USD,18.0166
1585,2026-02-01,GBP,23.6827
1586,2026-02-01,EUR,20.7057
1587,2026-02-01,AUD,11.6008
1588,2026-02-02,USD,18.2566
1589,2026-02-02,GBP,23.341
1590,2026-02-02,EUR,21.0338
1591,2026-02-02,AUD,11.6557
1592,2026-02-03,USD,18.4901
1593,2026-02-03,GBP,23.4491
1594,2026-02-03,EUR,20.9319
1595,2026-02-03,AUD,11.7538
1596,2026-02-04,USD,18.17
1597,2026-02-04,GBP,23.3644
1598,2026-02-04,EUR,20.8266
1599,2026-02-04,AUD,11.9359
1600,2026-02-05,USD,18.1805
1601,2026-02-05,GBP,23.2266
1602,2026-02-05,EUR,20.8676
1603,2026-02-05,AUD,11.7955
1604,2026-02-06,USD,18.0471
1605,2026-02-06,GBP,23.2814
1606,2026-02-06,EUR,20.9801
1607,2026-02-06,AUD,11.8045
1608,2026-02-07,USD,18.0916
1609,2026-02-07,GBP,23.1754
1610,2026-02-07,EUR,20.8296
1611,2026-02-07,AUD,11.8701
1612,2026-02-08,USD,18.3902
1613,2026-02-08,GBP,23.341
1614,2026-02-08,EUR,20.6457
1615,2026-02-08,AUD,11.8488
1616,2026-02-09,USD,18.3697
1617,2026-02-09,GBP,23.564
1618,2026-02-09,EUR,21.3986
1619,2026-02-09,AUD,11.8594
1620,2026-02-10,USD,18.4931
1621,2026-02-10,GBP,23.4847
1622,2026-02-10,EUR,20.9182
1623,2026-02-10,AUD,11.75
1624,2026-02-11,USD,18.2521
1625,2026-02-11,GBP,23.4669
1626,2026-02-11,EUR,20.8496
1627,2026-02-11,AUD,11.7254
1628,2026-02-12,USD,18.3022
1629,2026-02-12,GBP,23.4291
1630,2026-02-12,EUR,20.9066
1631,2026-02-12,AUD,11.8943
1632,2026-02-13,USD,18.2331
1633,2026-02-13,GBP,23.4765
1634,2026-02-13,EUR,20.9702
1635,2026-02-13,AUD,11.8773
1636,2026-02-14,USD,18.3147
1637,2026-02-14,GBP,23.8292
1638,2026-02-14,EUR,21.0045
1639,2026-02-14,AUD,11.8378
1640,2026-02-15,USD,18.2144
1641,2026-02-15,GBP,23.3805
1642,2026-02-15,EUR,20.9968
1643,2026-02-15,AUD,11.9931
1644,2026-02-16,USD,18.3486
1645,2026-02-16,GBP,23.3866
1646,2026-02-16,EUR,20.7379
1647,2026-02-16,AUD,11.8276
1648,2026-02-17,USD,18.401
1649,2026-02-17,GBP,23.6877
1650,2026-02-17,EUR,21.0109
1651,2026-02-17,AUD,11.9247
1652,2026-02-18,USD,18.105
1653,2026-02-18,GBP,23.2478
1654,2026-02-18,EUR,20.9894
1655,2026-02-18,AUD,11.7976
1656,2026-02-19,USD,18.2754
1657,2026-02-19,GBP,23.3328
1658,2026-02-19,EUR,21.0525
1659,2026-02-19,AUD,11.8456
1660,2026-02-20,USD,18.3145
1661,2026-02-20,GBP,23.4997
1662,2026-02-20,EUR,21.0144
1663,2026-02-20,AUD,12.0246
1664,2026-02-21,USD,18.3574
1665,2026-02-21,GBP,23.393
1666,2026-02-21,EUR,20.5364
1667,2026-02-21,AUD,11.672
1668,2026-02-22,USD,18.0927
1669,2026-02-22,GBP,23.2655
1670,2026-02-22,EUR,20.7455
1671,2026-02-22,AUD,11.6399
1672,2026-02-23,USD,18.0951
1673,2026-02-23,GBP,23.2047
1674,2026-02-23,EUR,20.8664
1675,2026-02-23,AUD,11.7655
1676,2026-02-24,USD,17.9837
1677,2026-02-24,GBP,23.3217
1678,2026-02-24,EUR,20.9095
1679,2026-02-24,AUD,11.6267
1680,2026-02-25,USD,18.2181
1681,2026-02-25,GBP,23.7492
1682,2026-02-25,EUR,20.9555
1683,2026-02-25,AUD,11.7556
1684,2026-02-26,USD,18.0837
1685,2026-02-26,GBP,23.3693
1686,2026-02-26,EUR,21.0283
1687,2026-02-26,AUD,11.8186
1688,2026-02-27,USD,18.2006
1689,2026-02-27,GBP,23.4922
1690,2026-02-27,EUR,20.9743
1691,2026-02-27,AUD,11.7298
1692,2026-02-28,USD,18.2545
1693,2026-02-28,GBP,23.3773
1694,2026-02-28,EUR,21.0609
1695,2026-02-28,AUD,11.7091
1696,2026-03-01,USD,18.265
1697,2026-03-01,GBP,23.2913
1698,2026-03-01,EUR,21.0431
1699,2026-03-01,AUD,11.8018
1700,2026-03-02,USD,18.5018
1701,2026-03-02,GBP,23.6922
1702,2026-03-02,EUR,20.693
1703,2026-03-02,AUD,11.7646
1704,2026-03-03,USD,18.3221
1705,2026-03-03,GBP,23.6167
1706,2026-03-03,EUR,20.9461
1707,2026-03-03,AUD,11.682
1708,2026-03-04,USD,18.2163
1709,2026-03-04,GBP,23.3581
1710,2026-03-04,EUR,20.9075
1711,2026-03-04,AUD,11.7688
1712,2026-03-05,USD,18.1394
1713,2026-03-05,GBP,23.3848
1714,2026-03-05,EUR,20.6371
1715,2026-03-05,AUD,11.8052
1716,2026-03-06,USD,18.337
1717,2026-03-06,GBP,23.3064
1718,2026-03-06,EUR,20.7878
1719,2026-03-06,AUD,11.9985
1720,2026-03-07,USD,18.1441
1721,2026-03-07,GBP,23.308
1722,2026-03-07,EUR,21.1504
1723,2026-03-07,AUD,11.8791
1724,2026-03-08,USD,17.8465
1725,2026-03-08,GBP,23.3209
1726,2026-03-08,EUR,20.7376
1727,2026-03-08,AUD,11.8559
1728,2026-03-09,USD,18.0668
1729,2026-03-09,GBP,23.272
1730,2026-03-09,EUR,20.8195
1731,2026-03-09,AUD,11.8371
1732,2026-03-10,USD,18.2538
1733,2026-03-10,GBP,23.2108
1734,2026-03-10,EUR,20.7931
1735,2026-03-10,AUD,11.7224
1736,2026-03-11,USD,18.42
1737,2026-03-11,GBP,22.9453
1738,2026-03-11,EUR,20.8493
1739,2026-03-11,AUD,11.8611
1740,2026-03-12,USD,18.6399
1741,2026-03-12,GBP,23.3431
1742,2026-03-12,EUR,20.6885
1743,2026-03-12,AUD,11.8237
1744,2026-03-13,USD,18.098
1745,2026-03-13,GBP,23.3844
1746,2026-03-13,EUR,20.7707
1747,2026-03-13,AUD,11.7706
1748,2026-03-14,USD,17.9417
1749,2026-03-14,GBP,23.192
1750,2026-03-14,EUR,20.8394
1751,2026-03-14,AUD,11.8444
1752,2026-03-15,USD,18.075
1753,2026-03-15,GBP,23.2796
1754,2026-03-15,EUR,20.7635
1755,2026-03-15,AUD,11.8157
1756,2026-03-16,USD,18.4858
1757,2026-03-16,GBP,23.2712
1758,2026-03-16,EUR,21.2031
1759,2026-03-16,AUD,11.6797
1760,2026-03-17,USD,18.1756
1761,2026-03-17,GBP,23.5142
1762,2026-03-17,EUR,21.0599
1763,2026-03-17,AUD,11.7406
1764,2026-03-18,USD,18.2502
1765,2026-03-18,GBP,23.5429
1766,2026-03-18,EUR,21.1528
1767,2026-03-18,AUD,11.6621
1768,2026-03-19,USD,17.9863
1769,2026-03-19,GBP,23.4161
1770,2026-03-19,EUR,21.1859
1771,2026-03-19,AUD,11.6572
1772,2026-03-20,USD,17.8531
1773,2026-03-20,GBP,23.2805
1774,2026-03-20,EUR,21.2937
1775,2026-03-20,AUD,11.8485
1776,2026-03-21,USD,18.0537
1777,2026-03-21,GBP,23.2945
1778,2026-03-21,EUR,20.9434
1779,2026-03-21,AUD,11.751
1780,2026-03-22,USD,18.3004
1781,2026-03-22,GBP,23.52
1782,2026-03-22,EUR,20.872
1783,2026-03-22,AUD,11.6385
1784,2026-03-23,USD,18.1868
1785,2026-03-23,GBP,23.5595
1786,2026-03-23,EUR,20.9794
1787,2026-03-23,AUD,11.9474
1788,2026-03-24,USD,18.2332
1789,2026-03-24,GBP,23.4051
1790,2026-03-24,EUR,20.7312
1791,2026-03-24,AUD,11.7331
1792,2026-03-25,USD,18.2265
1793,2026-03-25,GBP,23.4453
1794,2026-03-25,EUR,20.8043
1795,2026-03-25,AUD,11.8421
1796,2026-03-26,USD,18.3887
1797,2026-03-26,GBP,23.5061
1798,2026-03-26,EUR,20.851
1799,2026-03-26,AUD,11.824
1800,2026-03-27,USD,18.1604
1801,2026-03-27,GBP,23.4034
1802,2026-03-27,EUR,20.8754
1803,2026-03-27,AUD,11.6719
1804,2026-03-28,USD,18.5655
1805,2026-03-28,GBP,23.4552
1806,2026-03-28,EUR,20.8101
1807,2026-03-28,AUD,11.9177
1808,2026-03-29,USD,18.3747
1809,2026-03-29,GBP,23.3924
1810,2026-03-29,EUR,20.9782
1811,2026-03-29,AUD,11.7996
1812,2026-03-30,USD,18.1872
1813,2026-03-30,GBP,23.0951
1814,2026-03-30,EUR,20.9562
1815,2026-03-30,AUD,11.8453
1816,2026-03-31,USD,18.2208
1817,2026-03-31,GBP,23.0302
1818,2026-03-31,EUR,20.7275
1819,2026-03-31,AUD,12.0066
1820,2026-04-01,USD,18.1309
1821,2026-04-01,GBP,23.4293
1822,2026-04-01,EUR,20.8977
1823,2026-04-01,AUD,11.7973
1824,2026-04-02,USD,18.0599
1825,2026-04-02,GBP,23.3834
1826,2026-04-02,EUR,20.8784
1827,2026-04-02,AUD,11.8387
1828,2026-04-03,USD,18.0789
1829,2026-04-03,GBP,23.0972
1830,2026-04-03,EUR,20.7271
1831,2026-04-03,AUD,11.788
1832,2026-04-04,USD,18.1055
1833,2026-04-04,GBP,23.6739
1834,2026-04-04,EUR,20.7461
1835,2026-04-04,AUD,11.7948
1836,2026-04-05,USD,18.309
1837,2026-04-05,GBP,23.4731
1838,2026-04-05,EUR,21.0832
1839,2026-04-05,AUD,11.9083
1840,2026-04-06,USD,18.1477
1841,2026-04-06,GBP,23.3273
1842,2026-04-06,EUR,20.989
1843,2026-04-06,AUD,11.9279
1844,2026-04-07,USD,18.4281
1845,2026-04-07,GBP,23.1918
1846,2026-04-07,EUR,20.771
1847,2026-04-07,AUD,11.8066
1848,2026-04-08,USD,18.3074
1849,2026-04-08,GBP,23.5507
1850,2026-04-08,EUR,20.6511
1851,2026-04-08,AUD,11.8607
1852,2026-04-09,USD,18.1653
1853,2026-04-09,GBP,23.3411
1854,2026-04-09,EUR,21.1951
1855,2026-04-09,AUD,11.6584
1856,2026-04-10,USD,18.1122
1857,2026-04-10,GBP,23.5371
1858,2026-04-10,EUR,21.0898
1859,2026-04-10,AUD,11.8755
1860,2026-04-11,USD,18.2202
1861,2026-04-11,GBP,23.3703
1862,2026-04-11,EUR,20.6593
1863,2026-04-11,AUD,11.6854
1864,2026-04-12,USD,18.3206
1865,2026-04-12,GBP,23.5336
1866,2026-04-12,EUR,20.7944
1867,2026-04-12,AUD,11.9418
1868,2026-04-13,USD,18.148
1869,2026-04-13,GBP,23.0255
1870,2026-04-13,EUR,20.764
1871,2026-04-13,AUD,11.8948
1872,2026-04-14,USD,18.2139
1873,2026-04-14,GBP,23.4526
1874,2026-04-14,EUR,21.3792
1875,2026-04-14,AUD,11.7974
1876,2026-04-15,USD,18.3939
1877,2026-04-15,GBP,23.2854
1878,2026-04-15,EUR,20.4394
1879,2026-04-15,AUD,11.7905
1880,2026-04-16,USD,18.3213
1881,2026-04-16,GBP,23.2959
1882,2026-04-16,EUR,20.7536
1883,2026-04-16,AUD,11.8402
1884,2026-04-17,USD,18.3028
1885,2026-04-17,GBP,23.3783
1886,2026-04-17,EUR,20.956
1887,2026-04-17,AUD,11.606
1888,2026-04-18,USD,18.3955
1889,2026-04-18,GBP,23.5532
1890,2026-04-18,EUR,21.0559
1891,2026-04-18,AUD,11.7922
1892,2026-04-19,USD,18.3614
1893,2026-04-19,GBP,22.8425
1894,2026-04-19,EUR,20.9286
1895,2026-04-19,AUD,11.6692
1896,2026-04-20,USD,18.3352
1897,2026-04-20,GBP,23.454
1898,2026-04-20,EUR,20.9737
1899,2026-04-20,AUD,11.7342
1900,2026-04-21,USD,18.3182
1901,2026-04-21,GBP,23.3263
1902,2026-04-21,EUR,20.8191
1903,2026-04-21,AUD,11.8064
1904,2026-04-22,USD,18.1471
1905,2026-04-22,GBP,23.5803
1906,2026-04-22,EUR,20.4064
1907,2026-04-22,AUD,11.8553
1908,2026-04-23,USD,17.9233
1909,2026-04-23,GBP,23.4838
1910,2026-04-23,EUR,20.9151
1911,2026-04-23,AUD,11.7525
1912,2026-04-24,USD,18.2194
1913,2026-04-24,GBP,23.354
1914,2026-04-24,EUR,20.9873
1915,2026-04-24,AUD,11.7789
1916,2026-04-25,USD,18.1426
1917,2026-04-25,GBP,23.7456
1918,2026-04-25,EUR,21.0159
1919,2026-04-25,AUD,11.8544
1920,2026-04-26,USD,18.0566
1921,2026-04-26,GBP,23.1222
1922,2026-04-26,EUR,20.6549
1923,2026-04-26,AUD,11.8283
1924,2026-04-27,USD,18.294
1925,2026-04-27,GBP,23.6253
1926,2026-04-27,EUR,20.6214
1927,2026-04-27,AUD,11.7916
1928,2026-04-28,USD,17.8571
1929,2026-04-28,GBP,23.2743
1930,2026-04-28,EUR,21.0333
1931,2026-04-28,AUD,11.8621
1932,2026-04-29,USD,18.0529
1933,2026-04-29,GBP,23.0238
1934,2026-04-29,EUR,21.0052
1935,2026-04-29,AUD,11.9947
1936,2026-04-30,USD,18.1793
1937,2026-04-30,GBP,23.1936
1938,2026-04-30,EUR,20.6538
1939,2026-04-30,AUD,11.7083
1940,2026-05-01,USD,18.2218
1941,2026-05-01,GBP,23.6798
1942,2026-05-01,EUR,21.0457
1943,2026-05-01,AUD,12.0074
1944,2026-05-02,USD,18.3482
1945,2026-05-02,GBP,23.2618
1946,2026-05-02,EUR,20.7385
1947,2026-05-02,AUD,11.8142
1948,2026-05-03,USD,18.1313
1949,2026-05-03,GBP,23.3608
1950,2026-05-03,EUR,21.1079
1951,2026-05-03,AUD,11.9718
1952,2026-05-04,USD,18.24
1953,2026-05-04,GBP,23.4039
1954,2026-05-04,EUR,20.724
1955,2026-05-04,AUD,11.7329
1956,2026-05-05,USD,18.0187
1957,2026-05-05,GBP,23.5644
1958,2026-05-05,EUR,21.0163
1959,2026-05-05,AUD,11.8845
1960,2026-05-06,USD,17.8442
1961,2026-05-06,GBP,23.0378
1962,2026-05-06,EUR,20.7398
1963,2026-05-06,AUD,11.8609
1964,2026-05-07,USD,18.3063
1965,2026-05-07,GBP,23.5052
1966,2026-05-07,EUR,21.0278
1967,2026-05-07,AUD,11.7914
1968,2026-05-08,USD,18.0983
1969,2026-05-08,GBP,22.8615
1970,2026-05-08,EUR,20.9317
1971,2026-05-08,AUD,11.6254
1972,2026-05-09,USD,18.3575
1973,2026-05-09,GBP,23.3348
1974,2026-05-09,EUR,20.6011
1975,2026-05-09,AUD,11.7313
1976,2026-05-10,USD,18.2361
1977,2026-05-10,GBP,23.632
1978,2026-05-10,EUR,21.0553
1979,2026-05-10,AUD,11.9422
1980,2026-05-11,USD,18.2059
1981,2026-05-11,GBP,23.3618
1982,2026-05-11,EUR,21.0823
1983,2026-05-11,AUD,11.9309
1984,2026-05-12,USD,18.1526
1985,2026-05-12,GBP,23.1508
1986,2026-05-12,EUR,21.0311
1987,2026-05-12,AUD,11.8631
1988,2026-05-13,USD,17.9431
1989,2026-05-13,GBP,23.185
1990,2026-05-13,EUR,20.9894
1991,2026-05-13,AUD,11.8641
1992,2026-05-14,USD,18.2299
1993,2026-05-14,GBP,23.4186
1994,2026-05-14,EUR,20.3499
1995,2026-05-14,AUD,11.8894
1996,2026-05-15,USD,18.0772
1997,2026-05-15,GBP,23.5526
1998,2026-05-15,EUR,20.8776
1999,2026-05-15,AUD,11.8742
2000,2026-05-16,USD,18.2912
2001,2026-05-16,GBP,23.4996
2002,2026-05-16,EUR,21.2501
2003,2026-05-16,AUD,11.7429
2004,2026-05-17,USD,18.1539
2005,2026-05-17,GBP,23.0896
2006,2026-05-17,EUR,21.0683
2007,2026-05-17,AUD,11.7993
2008,2026-05-18,USD,18.503
2009,2026-05-18,GBP,23.067
2010,2026-05-18,EUR,21.0586
2011,2026-05-18,AUD,11.8392
2012,2026-05-19,USD,18.3616
2013,2026-05-19,GBP,23.7886
2014,2026-05-19,EUR,21.1231
2015,2026-05-19,AUD,11.7486
2016,2026-05-20,USD,17.9156
2017,2026-05-20,GBP,23.6874
2018,2026-05-20,EUR,20.8579
2019,2026-05-20,AUD,11.7523
2020,2026-05-21,USD,18.5037
2021,2026-05-21,GBP,23.1809
2022,2026-05-21,EUR,20.7807
2023,2026-05-21,AUD,11.693
2024,2026-05-22,USD,18.2084
2025,2026-05-22,GBP,23.5213
2026,2026-05-22,EUR,20.7634
2027,2026-05-22,AUD,11.7387
2028,2026-05-23,USD,18.3388
2029,2026-05-23,GBP,23.3647
2030,2026-05-23,EUR,20.6415
2031,2026-05-23,AUD,11.8437
2032,2026-05-24,USD,18.2049
2033,2026-05-24,GBP,23.3334
2034,2026-05-24,EUR,21.0349
2035,2026-05-24,AUD,11.944
2036,2026-05-25,USD,18.3731
2037,2026-05-25,GBP,23.5231
2038,2026-05-25,EUR,20.9816
2039,2026-05-25,AUD,11.5982
2040,2026-05-26,USD,18.3577
2041,2026-05-26,GBP,23.2918
2042,2026-05-26,EUR,21.0404
2043,2026-05-26,AUD,11.8233
2044,2026-05-27,USD,17.8117
2045,2026-05-27,GBP,23.1799
2046,2026-05-27,EUR,21.086
2047,2026-05-27,AUD,11.8739
2048,2026-05-28,USD,18.0876
2049,2026-05-28,GBP,23.4779
2050,2026-05-28,EUR,21.0258
2051,2026-05-28,AUD,11.5762
2052,2026-05-29,USD,18.193
2053,2026-05-29,GBP,23.7884
2054,2026-05-29,EUR,20.9334
2055,2026-05-29,AUD,11.7073
2056,2026-05-30,USD,18.3105
2057,2026-05-30,GBP,23.0923
2058,2026-05-30,EUR,21.1712
2059,2026-05-30,AUD,11.7837
2060,2026-05-31,USD,18.1623
2061,2026-05-31,GBP,23.4084
2062,2026-05-31,EUR,20.6368
2063,2026-05-31,AUD,11.7411
2064,2026-06-01,USD,18.1686
2065,2026-06-01,GBP,23.4304
2066,2026-06-01,EUR,20.8197
2067,2026-06-01,AUD,11.8351
2068,2026-06-02,USD,18.2088
2069,2026-06-02,GBP,23.2432
2070,2026-06-02,EUR,20.9276
2071,2026-06-02,AUD,11.7859
2072,2026-06-03,USD,18.0179
2073,2026-06-03,GBP,23.301
2074,2026-06-03,EUR,21.1213
2075,2026-06-03,AUD,11.8837
2076,2026-06-04,USD,17.8237
2077,2026-06-04,GBP,23.4847
2078,2026-06-04,EUR,21.0121
2079,2026-06-04,AUD,11.8491
2080,2026-06-05,USD,17.9172
2081,2026-06-05,GBP,23.3192
2082,2026-06-05,EUR,20.8094
2083,2026-06-05,AUD,11.7386
2084,2026-06-06,USD,18.0619
2085,2026-06-06,GBP,23.5033
2086,2026-06-06,EUR,21.0529
2087,2026-06-06,AUD,11.8229
2088,2026-06-07,USD,18.1938
2089,2026-06-07,GBP,23.547
2090,2026-06-07,EUR,20.8912
2091,2026-06-07,AUD,11.8014
2092,2026-06-08,USD,18.0776
2093,2026-06-08,GBP,23.311
2094,2026-06-08,EUR,20.8945
2095,2026-06-08,AUD,11.8111
2096,2026-06-09,USD,17.9827
2097,2026-06-09,GBP,23.445
2098,2026-06-09,EUR,20.5574
2099,2026-06-09,AUD,11.7413
2100,2026-06-10,USD,17.9775
2101,2026-06-10,GBP,23.051
2102,2026-06-10,EUR,20.8665
2103,2026-06-10,AUD,11.7714
2104,2026-06-11,USD,18.0976
2105,2026-06-11,GBP,23.4738
2106,2026-06-11,EUR,20.9843
2107,2026-06-11,AUD,11.8202
2108,2026-06-12,USD,17.9831
2109,2026-06-12,GBP,23.2374
2110,2026-06-12,EUR,20.6069
2111,2026-06-12,AUD,11.8917
2112,2026-06-13,USD,18.2438
2113,2026-06-13,GBP,23.4221
2114,2026-06-13,EUR,20.9801
2115,2026-06-13,AUD,11.7138
2116,2026-06-14,USD,18.2596
2117,2026-06-14,GBP,23.3499
2118,2026-06-14,EUR,21.0465
2119,2026-06-14,AUD,11.706
2120,2026-06-15,USD,18.3566
2121,2026-06-15,GBP,23.411
2122,2026-06-15,EUR,20.585
2123,2026-06-15,AUD,11.6031
2124,2026-06-16,USD,18.1779
2125,2026-06-16,GBP,23.3151
2126,2026-06-16,EUR,20.8596
2127,2026-06-16,AUD,11.7429
2128,2026-06-17,USD,18.154
2129,2026-06-17,GBP,23.208
2130,2026-06-17,EUR,20.8534
2131,2026-06-17,AUD,11.797
2132,2026-06-18,USD,18.3192
2133,2026-06-18,GBP,23.5472
2134,2026-06-18,EUR,20.9915
2135,2026-06-18,AUD,11.7541
2136,2026-06-19,USD,18.175
2137,2026-06-19,GBP,23.392
2138,2026-06-19,EUR,20.9739
2139,2026-06-19,AUD,11.7732
2140,2026-06-20,USD,18.2578
2141,2026-06-20,GBP,23.2155
2142,2026-06-20,EUR,21.0744
2143,2026-06-20,AUD,11.835
2144,2026-06-21,USD,18.159
2145,2026-06-21,GBP,23.2501
2146,2026-06-21,EUR,20.7893
2147,2026-06-21,AUD,11.842
2148,2026-06-22,USD,18.2618
2149,2026-06-22,GBP,23.2264
2150,2026-06-22,EUR,20.7055
2151,2026-06-22,AUD,11.9607
2152,2026-06-23,USD,18.1093
2153,2026-06-23,GBP,23.4539
2154,2026-06-23,EUR,20.7918
2155,2026-06-23,AUD,11.7085
2156,2026-06-24,USD,18.2478
2157,2026-06-24,GBP,23.4684
2158,2026-06-24,EUR,20.8294
2159,2026-06-24,AUD,11.9696
2160,2026-06-25,USD,18.068
2161,2026-06-25,GBP,23.4112
2162,2026-06-25,EUR,20.9029
2163,2026-06-25,AUD,11.6805
2164,2026-06-26,USD,18.188
2165,2026-06-26,GBP,23.3463
2166,2026-06-26,EUR,21.2364
2167,2026-06-26,AUD,11.894
2168,2026-06-27,USD,18.1691
2169,2026-06-27,GBP,23.3784
2170,2026-06-27,EUR,20.9958
2171,2026-06-27,AUD,11.7978
2172,2026-06-28,USD,18.4013
2173,2026-06-28,GBP,23.549
2174,2026-06-28,EUR,20.7539
2175,2026-06-28,AUD,11.7914
2176,2026-06-29,USD,18.3613
2177,2026-06-29,GBP,23.253
2178,2026-06-29,EUR,21.2339
2179,2026-06-29,AUD,11.6812
2180,2026-06-30,USD,18.1657
2181,2026-06-30,GBP,23.4289
2182,2026-06-30,EUR,20.8342
2183,2026-06-30,AUD,11.7526
2184,2026-07-01,USD,18.2632
2185,2026-07-01,GBP,23.4701
2186,2026-07-01,EUR,20.7235
2187,2026-07-01,AUD,11.7493
2188,2026-07-02,USD,18.2378
2189,2026-07-02,GBP,23.4884
2190,2026-07-02,EUR,20.9504
2191,2026-07-02,AUD,11.658
2192,2026-07-03,USD,18.3791
2193,2026-07-03,GBP,23.319
2194,2026-07-03,EUR,20.9372
2195,2026-07-03,AUD,11.7815
2196,2026-07-04,USD,18.2754
2197,2026-07-04,GBP,23.6034
2198,2026-07-04,EUR,20.7181
2199,2026-07-04,AUD,11.7774
2200,2026-07-05,USD,18.0593
2201,2026-07-05,GBP,23.6125
2202,2026-07-05,EUR,21.0037
2203,2026-07-05,AUD,11.8493
2204,2026-07-06,USD,18.0704
2205,2026-07-06,GBP,23.2618
2206,2026-07-06,EUR,20.8086
2207,2026-07-06,AUD,11.8549
2208,2026-07-07,USD,18.3157
2209,2026-07-07,GBP,23.3683
2210,2026-07-07,EUR,21.1434
2211,2026-07-07,AUD,11.7901
2212,2026-07-08,USD,18.1344
2213,2026-07-08,GBP,23.8229
2214,2026-07-08,EUR,21.0173
2215,2026-07-08,AUD,11.6748
2216,2026-07-09,USD,18.1911
2217,2026-07-09,GBP,23.3798
2218,2026-07-09,EUR,21.209
2219,2026-07-09,AUD,11.938
2220,2026-07-10,USD,18.4211
2221,2026-07-10,GBP,23.406
2222,2026-07-10,EUR,20.5165
2223,2026-07-10,AUD,11.7681
2224,2026-07-11,USD,18.1106
2225,2026-07-11,GBP,23.6368
2226,2026-07-11,EUR,20.7625
2227,2026-07-11,AUD,11.7165
2228,2026-07-12,USD,18.4062
2229,2026-07-12,GBP,23.5582
2230,2026-07-12,EUR,20.97
2231,2026-07-12,AUD,11.9498
2232,2026-07-13,USD,18.2608
2233,2026-07-13,GBP,23.3141
2234,2026-07-13,EUR,21.2008
2235,2026-07-13,AUD,11.6412
2236,2026-07-14,USD,18.1831
2237,2026-07-14,GBP,23.3277
2238,2026-07-14,EUR,20.8749
2239,2026-07-14,AUD,11.969
2240,2026-07-15,USD,18.1777
2241,2026-07-15,GBP,23.6642
2242,2026-07-15,EUR,20.701
2243,2026-07-15,AUD,11.7139
2244,2026-07-16,USD,18.2341
2245,2026-07-16,GBP,23.0902
2246,2026-07-16,EUR,20.9954
2247,2026-07-16,AUD,11.7473
2248,2026-07-17,USD,17.8453
2249,2026-07-17,GBP,23.5343
2250,2026-07-17,EUR,20.8531
2251,2026-07-17,AUD,11.8496
2252,2026-07-18,USD,18.0571
2253,2026-07-18,GBP,23.5964
2254,2026-07-18,EUR,20.9278
2255,2026-07-18,AUD,11.8457
2256,2026-07-19,USD,18.2119
2257,2026-07-19,GBP,23.0741
2258,2026-07-19,EUR,20.9506
2259,2026-07-19,AUD,11.6429
2260,2026-07-20,USD,18.3786
2261,2026-07-20,GBP,23.5531
2262,2026-07-20,EUR,20.9197
2263,2026-07-20,AUD,11.7107
2264,2026-07-21,USD,18.1631
2265,2026-07-21,GBP,23.2454
2266,2026-07-21,EUR,21.0785
2267,2026-07-21,AUD,11.9311
2268,2026-07-22,USD,18.3063
2269,2026-07-22,GBP,23.5149
2270,2026-07-22,EUR,20.9069
2271,2026-07-22,AUD,11.7238
2272,2026-07-23,USD,18.329
2273,2026-07-23,GBP,23.4151
2274,2026-07-23,EUR,21.2366
2275,2026-07-23,AUD,11.8264
2276,2026-07-24,USD,18.265
2277,2026-07-24,GBP,23.171
2278,2026-07-24,EUR,20.497
2279,2026-07-24,AUD,11.7485
2280,2026-07-25,USD,18.2891
2281,2026-07-25,GBP,23.3846
2282,2026-07-25,EUR,20.9223
2283,2026-07-25,AUD,11.9126
2284,2026-07-26,USD,18.226
2285,2026-07-26,GBP,23.3445
2286,2026-07-26,EUR,20.6807
2287,2026-07-26,AUD,11.8036
2288,2026-07-27,USD,17.8553
2289,2026-07-27,GBP,23.228
2290,2026-07-27,EUR,20.6954
2291,2026-07-27,AUD,11.718
2292,2026-07-28,USD,17.9583
2293,2026-07-28,GBP,23.1639
2294,2026-07-28,EUR,20.9102
2295,2026-07-28,AUD,11.8169
2296,2026-07-29,USD,18.3879
2297,2026-07-29,GBP,23.2142
2298,2026-07-29,EUR,20.9874
2299,2026-07-29,AUD,11.7333
2300,2026-07-30,USD,18.5092
2301,2026-07-30,GBP,23.2117
2302,2026-07-30,EUR,20.8793
2303,2026-07-30,AUD,11.8109
2304,2026-07-31,USD,18.4465
2305,2026-07-31,GBP,23.5821
2306,2026-07-31,EUR,20.8384
2307,2026-07-31,AUD,11.9483
